1,IXB,JAI,72
2,HYD,PAT,119
3,BLR,PAT,108
4,AMD,SXR,111
5,GOI,BOM,12
6,IXB,JAI,91
7,BBI,PNQ,81
8,VNS,COK,78
9,PNQ,SXR,72
10,IXB,SXR,2
11,AMD,JAI,45
12,DEL,CCU,107
13,COK,BLR,113
14,BDQ,GAU,39
15,IXC,IXB,106
16,GOI,BLR,51
17,GOI,PNQ,84
18,BDQ,AMD,77
19,IXC,GOI,38
20,MAA,GAU,35
21,AMD,MAA,107
22,PAT,BLR,105
23,JAI,BBI,107
24,MAA,GAU,20
25,SXR,GOI,18
26,VNS,AMD,61
27,AMD,CCU,101
28,BLR,CCU,12
29,MAA,PNQ,27
30,CCU,DEL,13
31,JAI,PNQ,0
32,BLR,AMD,44
33,IXB,JAI,64
34,DEL,BLR,87
35,GAU,BDQ,6
36,BLR,BDQ,3
37,SXR,GOI,94
38,BLR,HYD,101
39,LKO,BOM,112
40,MAA,IXB,63
41,SXR,DEL,58
42,LKO,IXB,103
43,GAU,LKO,66
44,JAI,SXR,24
45,CCU,SXR,72
46,GAU,BOM,44
47,IXC,SXR,64
48,LKO,VNS,29
49,GOI,BLR,70
50,MAA,HYD,60
51,IXB,BBI,85
52,SXR,IXC,2
53,PAT,VNS,103
54,BBI,COK,23
55,AMD,IXC,74
56,COK,PNQ,81
57,JAI,IXC,61
58,JAI,DEL,86
59,DEL,LKO,75
60,IXC,BOM,46
61,JAI,VNS,63
62,MAA,DEL,59
63,BDQ,CCU,59
64,BBI,AMD,58
65,BDQ,SXR,84
66,PNQ,DEL,94
67,DEL,COK,92
68,COK,DEL,1
69,CCU,BOM,96
70,COK,MAA,104
71,MAA,BOM,89
72,GAU,PNQ,34
73,HYD,BBI,49
74,SXR,VNS,15
75,LKO,IXB,44
76,MAA,GAU,89
77,VNS,MAA,43
78,SXR,BOM,90
79,PAT,BOM,18
80,COK,PAT,63
81,GOI,BDQ,11
82,GOI,BOM,116
83,PNQ,MAA,107
84,BLR,GAU,50
85,BBI,PNQ,47
86,PNQ,IXB,48
87,GAU,BLR,7
88,IXC,HYD,83
89,BOM,GOI,60
90,GOI,VNS,95
91,VNS,CCU,53
92,JAI,PAT,23
93,BDQ,AMD,92
94,AMD,PAT,92
95,GOI,IXC,98
96,JAI,BBI,105
97,VNS,GAU,63
98,IXB,SXR,119
99,CCU,COK,118
100,HYD,VNS,76
101,MAA,JAI,6
102,CCU,JAI,13
103,IXC,DEL,7
104,AMD,DEL,60
105,HYD,BLR,50
106,BLR,BBI,119
107,IXB,SXR,28
108,MAA,BDQ,97
109,JAI,BBI,75
110,BDQ,MAA,103
111,PNQ,VNS,49
112,COK,BDQ,31
113,SXR,BBI,17
114,GOI,MAA,60
115,PNQ,IXC,110
116,BOM,LKO,11
117,VNS,COK,78
118,AMD,SXR,40
119,PAT,BLR,65
120,VNS,IXC,56
121,GOI,HYD,19
122,DEL,VNS,110
123,JAI,VNS,24
124,CCU,PNQ,111
125,GOI,JAI,19
126,BDQ,HYD,26
127,IXB,GAU,50
128,BDQ,COK,95
129,PAT,IXC,89
130,BLR,AMD,69
131,COK,IXC,106
132,BDQ,PAT,107
133,LKO,AMD,75
134,BDQ,VNS,89
135,AMD,CCU,34
136,JAI,BOM,107
137,MAA,JAI,111
138,LKO,COK,112
139,COK,DEL,24
140,HYD,MAA,83
141,CCU,JAI,11
142,PNQ,GAU,53
143,IXC,BLR,78
144,GAU,AMD,107
145,BOM,LKO,19
146,AMD,JAI,49
147,SXR,MAA,118
148,CCU,MAA,16
149,PAT,COK,33
150,HYD,IXB,53
151,CCU,IXB,41
152,GAU,VNS,120
153,VNS,GAU,54
154,PNQ,BLR,109
155,VNS,JAI,50
156,IXC,PAT,22
157,BLR,GAU,65
158,IXB,GOI,117
159,IXB,MAA,82
160,VNS,JAI,39
161,BOM,BDQ,99
162,LKO,BLR,57
163,PAT,HYD,32
164,GAU,LKO,83
165,GAU,BDQ,9
166,HYD,BBI,94
167,IXB,SXR,15
168,IXC,JAI,62
169,LKO,JAI,32
170,HYD,PAT,23
171,HYD,BOM,68
172,IXC,IXB,33
173,MAA,CCU,42
174,SXR,PAT,73
175,BLR,CCU,48
176,MAA,JAI,11
177,IXB,SXR,70
178,GAU,HYD,81
179,BDQ,GOI,62
180,IXC,JAI,76
181,IXB,BLR,3
182,GOI,VNS,40
183,JAI,MAA,114
184,PNQ,VNS,29
185,CCU,PNQ,118
186,AMD,DEL,5
187,PAT,VNS,71
188,COK,PNQ,28
189,COK,GAU,55
190,COK,BLR,104
191,BBI,GOI,94
192,VNS,LKO,75
193,IXC,LKO,61
194,BBI,PAT,113
195,LKO,IXC,14
196,SXR,COK,94
197,BOM,PNQ,90
198,CCU,LKO,42
199,JAI,IXB,55
200,VNS,BBI,91
201,BBI,BLR,41
202,CCU,AMD,45
203,MAA,IXB,34
204,COK,BDQ,90
205,DEL,COK,25
206,BLR,GOI,109
207,GAU,BLR,68
208,SXR,CCU,11
209,GOI,PAT,15
210,SXR,IXB,41
211,CCU,LKO,4
212,CCU,MAA,96
213,MAA,VNS,34
214,BLR,COK,47
215,GOI,SXR,24
216,VNS,BDQ,59
217,HYD,JAI,8
218,BOM,DEL,27
219,SXR,BBI,89
220,COK,GAU,80
221,BDQ,LKO,27
222,BLR,JAI,49
223,PNQ,BLR,43
224,IXB,DEL,81
225,HYD,COK,102
226,VNS,COK,14
227,LKO,BLR,42
228,GOI,BLR,44
229,PAT,GOI,83
230,PAT,CCU,2
231,IXC,BDQ,33
232,VNS,MAA,18
233,VNS,PNQ,71
234,VNS,HYD,13
235,BDQ,JAI,27
236,MAA,BLR,109
237,BDQ,HYD,37
238,DEL,JAI,114
239,GAU,GOI,113
240,MAA,BDQ,85
241,BDQ,HYD,112
242,IXB,LKO,52
243,GOI,CCU,30
244,VNS,GAU,102
245,IXC,BLR,11
246,BDQ,CCU,16
247,GOI,MAA,84
248,HYD,GOI,95
249,BDQ,GOI,57
250,HYD,BDQ,50
251,SXR,JAI,34
252,GOI,CCU,84
253,IXC,AMD,23
254,PAT,BBI,117
255,AMD,BLR,104
256,JAI,AMD,102
257,BOM,COK,19
258,DEL,BOM,74
259,BLR,BBI,79
260,BOM,IXC,119
261,DEL,LKO,65
262,GOI,JAI,33
263,CCU,BDQ,20
264,PAT,MAA,99
265,AMD,BLR,47
266,BOM,JAI,73
267,GOI,MAA,2
268,IXC,IXB,112
269,AMD,GAU,86
270,PAT,VNS,105
271,VNS,BLR,93
272,IXC,JAI,86
273,GAU,SXR,102
274,BOM,DEL,19
275,GAU,BBI,56
276,GOI,BOM,68
277,BDQ,JAI,79
278,SXR,DEL,33
279,COK,BDQ,119
280,JAI,GOI,74
281,COK,IXB,14
282,BBI,MAA,36
283,BLR,BOM,31
284,PNQ,BOM,81
285,VNS,PAT,11
286,GOI,IXB,76
287,LKO,HYD,87
288,BDQ,DEL,117
289,AMD,MAA,36
290,IXC,AMD,25
291,BBI,GOI,15
292,CCU,BOM,81
293,IXB,JAI,0
294,MAA,HYD,84
295,BLR,BDQ,69
296,BBI,GOI,113
297,MAA,AMD,87
298,DEL,SXR,1
299,IXB,BOM,76
300,PNQ,HYD,33
301,PNQ,BDQ,33
302,IXC,MAA,19
303,DEL,CCU,116
304,JAI,BBI,5
305,GOI,IXC,107
306,BLR,IXC,57
307,HYD,SXR,2
308,BBI,PAT,113
309,BDQ,COK,82
310,MAA,PAT,40
311,BOM,BBI,75
312,BOM,AMD,13
313,AMD,SXR,77
314,GAU,DEL,49
315,BLR,COK,109
316,IXC,COK,69
317,IXB,BLR,63
318,AMD,IXB,48
319,BLR,MAA,54
320,IXC,MAA,42
321,BLR,COK,114
322,IXB,AMD,114
323,VNS,BDQ,58
324,BLR,PAT,55
325,COK,MAA,111
326,DEL,CCU,109
327,AMD,GOI,7
328,MAA,HYD,41
329,BOM,GAU,100
330,PAT,BDQ,8
331,GOI,BBI,44
332,MAA,CCU,51
333,MAA,IXB,42
334,CCU,AMD,113
335,SXR,LKO,77
336,GOI,BDQ,112
337,IXB,JAI,63
338,GOI,PNQ,12
339,GAU,BBI,38
340,BDQ,VNS,29
341,BOM,PNQ,63
342,HYD,MAA,19
343,CCU,VNS,118
344,IXB,VNS,78
345,AMD,BLR,28
346,BDQ,BOM,93
347,LKO,SXR,104
348,VNS,CCU,66
349,BBI,HYD,17
350,DEL,PAT,9
351,BBI,IXB,5
352,PAT,IXB,85
353,GOI,LKO,84
354,DEL,PAT,42
355,GOI,COK,108
356,PAT,IXB,52
357,MAA,SXR,67
358,GOI,BBI,101
359,IXB,DEL,109
360,BOM,BDQ,68
361,PAT,JAI,75
362,PNQ,AMD,110
363,COK,MAA,103
364,BOM,CCU,69
365,VNS,PAT,39
366,PAT,PNQ,38
367,HYD,BBI,8
368,VNS,HYD,39
369,PAT,PNQ,110
370,PNQ,AMD,38
371,BOM,HYD,65
372,LKO,PAT,36
373,DEL,GOI,6
374,SXR,HYD,71
375,CCU,IXB,0
376,MAA,BBI,66
377,BOM,CCU,31
378,MAA,AMD,53
379,PNQ,VNS,14
380,DEL,SXR,33
381,COK,GAU,14
382,HYD,BBI,73
383,IXB,AMD,7
384,GOI,DEL,66
385,HYD,BLR,76
386,IXC,HYD,35
387,COK,IXB,70
388,HYD,GOI,81
389,BBI,IXB,32
390,MAA,GAU,25
391,SXR,JAI,109
392,JAI,BLR,19
393,HYD,GAU,99
394,BBI,BDQ,32
395,IXC,BBI,63
396,GAU,COK,51
397,COK,BBI,18
398,COK,PNQ,7
399,AMD,CCU,111
400,IXC,VNS,28
401,GOI,COK,48
402,BOM,CCU,16
403,BOM,GAU,3
404,JAI,HYD,117
405,AMD,BLR,88
406,VNS,COK,120
407,HYD,BBI,60
408,IXB,HYD,51
409,SXR,HYD,108
410,IXB,CCU,37
411,BBI,DEL,55
412,AMD,DEL,34
413,SXR,DEL,57
414,BLR,AMD,22
415,PNQ,DEL,54
416,AMD,DEL,30
417,BBI,HYD,88
418,IXC,PNQ,57
419,IXC,DEL,22
420,BOM,LKO,23
421,JAI,IXC,99
422,JAI,COK,41
423,PAT,BOM,85
424,BLR,SXR,69
425,JAI,BBI,61
426,DEL,PAT,50
427,BOM,SXR,22
428,HYD,AMD,62
429,DEL,CCU,29
430,GAU,BOM,109
431,CCU,PNQ,81
432,DEL,GOI,26
433,COK,VNS,67
434,IXC,AMD,5
435,LKO,IXB,29
436,HYD,COK,19
437,HYD,BDQ,77
438,GAU,GOI,44
439,GAU,HYD,106
440,PAT,IXB,106
441,AMD,IXC,78
442,PAT,HYD,44
443,CCU,VNS,31
444,IXC,BDQ,67
445,BDQ,BLR,77
446,PAT,VNS,63
447,IXB,PAT,49
448,VNS,IXB,14
449,AMD,GAU,48
450,PNQ,GAU,29
451,PAT,BLR,31
452,COK,BLR,50
453,JAI,PAT,87
454,GOI,PAT,75
455,IXC,GOI,55
456,BLR,SXR,68
457,LKO,HYD,104
458,IXB,MAA,2
459,CCU,COK,106
460,VNS,BLR,20
461,CCU,HYD,62
462,MAA,IXC,118
463,PNQ,BDQ,92
464,HYD,SXR,86
465,IXB,BOM,28
466,COK,GOI,2
467,MAA,GAU,118
468,DEL,COK,24
469,LKO,BLR,11
470,BOM,PNQ,34
471,IXB,VNS,22
472,COK,GAU,16
473,GOI,DEL,119
474,GAU,BLR,110
475,BDQ,HYD,75
476,MAA,CCU,45
477,BDQ,IXC,100
478,MAA,BLR,115
479,JAI,HYD,59
480,COK,PNQ,38
481,PNQ,COK,107
482,JAI,BBI,31
483,BOM,BBI,74
484,BOM,PNQ,111
485,HYD,COK,104
486,IXC,BBI,8
487,MAA,BDQ,109
488,MAA,BDQ,33
489,COK,VNS,108
490,PAT,CCU,96
491,IXC,DEL,67
492,BOM,COK,26
493,SXR,MAA,29
494,BOM,BBI,98
495,PAT,MAA,12
496,GAU,SXR,83
497,HYD,CCU,73
498,HYD,AMD,74
499,BOM,GAU,31
500,BBI,BDQ,87
501,IXC,JAI,76
502,BBI,HYD,48
503,BLR,PNQ,106
504,DEL,PNQ,21
505,GAU,CCU,42
506,COK,GOI,98
507,AMD,CCU,112
508,BOM,BDQ,64
509,JAI,AMD,13
510,JAI,CCU,37
511,DEL,IXC,1
512,PAT,JAI,107
513,DEL,CCU,10
514,SXR,BOM,54
515,DEL,AMD,119
516,MAA,VNS,97
517,BOM,BBI,22
518,SXR,IXC,77
519,BOM,BDQ,55
520,IXC,HYD,32
521,MAA,AMD,99
522,CCU,SXR,17
523,BBI,SXR,37
524,GAU,PAT,55
525,LKO,IXB,1
526,COK,JAI,20
527,COK,VNS,47
528,PNQ,HYD,106
529,BLR,COK,47
530,DEL,BDQ,90
531,BOM,CCU,106
532,IXB,IXC,2
533,CCU,HYD,43
534,GAU,IXB,35
535,BOM,BLR,90
536,VNS,HYD,16
537,BBI,HYD,26
538,GAU,COK,74
539,PNQ,COK,4
540,LKO,JAI,19
541,LKO,CCU,80
542,GOI,BLR,19
543,GOI,GAU,107
544,GOI,AMD,104
545,SXR,CCU,20
546,JAI,SXR,2
547,IXC,PNQ,53
548,BBI,PNQ,98
549,BLR,BOM,78
550,LKO,IXC,5
551,JAI,GAU,59
552,BOM,BBI,107
553,HYD,IXC,50
554,IXB,JAI,60
555,BLR,LKO,5
556,MAA,BLR,19
557,COK,BLR,93
558,PAT,BDQ,69
559,BDQ,MAA,40
560,HYD,LKO,120
561,AMD,VNS,119
562,SXR,BLR,83
563,HYD,CCU,108
564,GAU,AMD,11
565,SXR,JAI,31
566,BOM,BLR,19
567,BDQ,HYD,34
568,LKO,IXB,89
569,IXB,IXC,6
570,BBI,IXB,91
571,SXR,IXC,49
572,IXB,VNS,20
573,LKO,GOI,51
574,VNS,IXB,43
575,JAI,BBI,38
576,IXC,BLR,0
577,BOM,GOI,5
578,BLR,BBI,64
579,BOM,COK,103
580,IXB,SXR,104
581,IXC,BOM,120
582,COK,DEL,74
583,VNS,JAI,26
584,BBI,BOM,76
585,AMD,VNS,76
586,IXC,CCU,20
587,BBI,IXB,58
588,VNS,IXC,35
589,SXR,DEL,44
590,PAT,VNS,103
591,HYD,DEL,41
592,BBI,IXB,99
593,VNS,CCU,26
594,HYD,PAT,96
595,LKO,BBI,24
596,IXB,BDQ,11
597,BOM,DEL,18
598,JAI,AMD,88
599,LKO,GAU,71
600,LKO,IXB,56
601,COK,BBI,6
602,PNQ,HYD,14
603,GOI,AMD,67
604,JAI,VNS,116
605,COK,IXB,79
606,JAI,LKO,56
607,MAA,BBI,13
608,PAT,DEL,75
609,JAI,MAA,106
610,GOI,PAT,37
611,IXC,LKO,54
612,CCU,GAU,5
613,GAU,VNS,39
614,DEL,JAI,99
615,HYD,MAA,64
616,COK,LKO,55
617,COK,GOI,73
618,DEL,LKO,9
619,GAU,BDQ,102
620,IXC,MAA,83
621,VNS,AMD,1
622,GOI,SXR,89
623,BLR,GAU,120
624,SXR,BBI,99
625,SXR,IXB,76
626,LKO,BBI,77
627,IXC,IXB,16
628,BOM,CCU,2
629,PAT,SXR,44
630,SXR,BDQ,69
631,AMD,PAT,17
632,CCU,SXR,118
633,IXC,PAT,72
634,SXR,GOI,31
635,PNQ,BLR,99
636,COK,LKO,78
637,BOM,COK,62
638,IXC,BDQ,68
639,IXB,JAI,104
640,CCU,GAU,20
641,DEL,SXR,116
642,SXR,CCU,35
643,GAU,GOI,57
644,MAA,JAI,41
645,CCU,BOM,94
646,PNQ,IXC,71
647,CCU,IXB,0
648,AMD,PNQ,12
649,LKO,PAT,83
650,COK,MAA,106
651,CCU,BDQ,65
652,BBI,IXC,11
653,VNS,PNQ,66
654,BBI,GOI,112
655,SXR,BBI,10
656,SXR,MAA,1
657,IXC,BLR,87
658,IXC,SXR,27
659,VNS,IXB,2
660,SXR,MAA,51
661,JAI,IXB,68
662,GAU,PAT,101
663,BBI,LKO,102
664,DEL,PAT,83
665,AMD,PAT,44
666,IXC,AMD,117
667,IXC,AMD,100
668,HYD,DEL,83
669,HYD,BDQ,14
670,GOI,BDQ,61
671,CCU,PAT,72
672,BDQ,IXC,16
673,HYD,IXB,94
674,VNS,BOM,13
675,AMD,JAI,82
676,PAT,IXC,75
677,VNS,IXC,52
678,BOM,IXB,26
679,SXR,PAT,101
680,JAI,LKO,41
681,HYD,BOM,11
682,MAA,BBI,28
683,SXR,IXC,27
684,GAU,PNQ,12
685,IXC,PNQ,31
686,BDQ,GOI,107
687,IXC,CCU,107
688,IXB,GOI,102
689,BBI,BOM,66
690,BLR,PAT,11
691,BLR,BDQ,28
692,JAI,IXC,64
693,SXR,CCU,67
694,JAI,BBI,14
695,BBI,BDQ,44
696,COK,BLR,84
697,PNQ,SXR,33
698,JAI,MAA,91
699,SXR,IXB,48
700,GOI,DEL,46
701,BDQ,BBI,59
702,GAU,VNS,1
703,IXB,JAI,26
704,BDQ,GOI,108
705,CCU,DEL,30
706,AMD,BLR,13
707,GAU,COK,94
708,SXR,MAA,23
709,BOM,DEL,19
710,HYD,COK,101
711,COK,BDQ,9
712,HYD,IXB,91
713,GOI,IXC,64
714,GAU,COK,112
715,AMD,COK,52
716,DEL,AMD,59
717,LKO,IXC,24
718,BLR,PAT,44
719,HYD,JAI,17
720,IXB,LKO,81
721,GOI,PAT,0
722,HYD,PNQ,63
723,SXR,BDQ,29
724,BOM,GAU,5
725,BOM,IXB,111
726,PNQ,BDQ,82
727,HYD,CCU,110
728,VNS,BOM,1
729,CCU,MAA,23
730,DEL,IXB,32
731,VNS,AMD,52
732,LKO,GOI,78
733,PNQ,DEL,27
734,AMD,BBI,97
735,BOM,VNS,2
736,DEL,BOM,3
737,VNS,PNQ,64
738,VNS,MAA,81
739,CCU,SXR,17
740,COK,AMD,45
741,BDQ,IXC,92
742,MAA,GOI,61
743,GOI,COK,36
744,GOI,IXB,109
745,VNS,LKO,77
746,GOI,IXC,111
747,COK,AMD,96
748,PNQ,DEL,26
749,LKO,COK,24
750,VNS,AMD,74
751,GOI,PAT,109
752,LKO,DEL,73
753,PAT,BDQ,43
754,MAA,IXC,16
755,DEL,GOI,73
756,MAA,GAU,68
757,MAA,BLR,103
758,BLR,HYD,31
759,COK,BLR,82
760,IXB,PNQ,84
761,GAU,PAT,57
762,BDQ,HYD,5
763,CCU,IXB,106
764,BBI,GOI,3
765,HYD,GOI,49
766,MAA,DEL,104
767,PAT,COK,25
768,GAU,BDQ,56
769,JAI,CCU,95
770,SXR,PAT,7
771,CCU,PNQ,66
772,PAT,BOM,117
773,PNQ,COK,100
774,CCU,GOI,30
775,PAT,JAI,3
776,IXB,AMD,102
777,HYD,MAA,9
778,MAA,PNQ,53
779,BOM,PAT,9
780,IXC,GAU,60
781,VNS,COK,99
782,CCU,GAU,97
783,GAU,BDQ,9
784,MAA,HYD,96
785,SXR,CCU,96
786,BBI,AMD,6
787,COK,GOI,3
788,GOI,SXR,85
789,AMD,LKO,27
790,LKO,IXB,65
791,BDQ,HYD,12
792,PNQ,BDQ,31
793,DEL,GOI,36
794,JAI,LKO,0
795,DEL,BLR,119
796,PNQ,CCU,30
797,GOI,MAA,64
798,BLR,GAU,37
799,VNS,MAA,62
800,JAI,MAA,85
801,DEL,JAI,13
802,SXR,DEL,50
803,COK,JAI,1
804,CCU,COK,91
805,BBI,IXB,63
806,BBI,PAT,13
807,HYD,BDQ,20
808,PNQ,GOI,72
809,CCU,LKO,18
810,BDQ,DEL,100
811,SXR,IXC,111
812,BLR,PNQ,69
813,VNS,DEL,36
814,BOM,HYD,108
815,GAU,CCU,2
816,VNS,COK,70
817,BBI,LKO,109
818,MAA,PAT,42
819,IXC,GAU,58
820,BDQ,DEL,0
821,AMD,HYD,74
822,SXR,DEL,103
823,PAT,CCU,20
824,DEL,IXC,91
825,IXC,PAT,56
826,DEL,JAI,31
827,PNQ,VNS,91
828,HYD,BBI,73
829,BOM,SXR,69
830,PNQ,DEL,29
831,BBI,MAA,29
832,JAI,HYD,120
833,MAA,COK,49
834,BLR,BOM,81
835,HYD,SXR,49
836,MAA,GAU,106
837,BOM,BLR,40
838,GOI,PNQ,23
839,BOM,IXB,108
840,GAU,MAA,47
841,JAI,VNS,68
842,JAI,SXR,21
843,BOM,BLR,40
844,PAT,LKO,108
845,PNQ,BDQ,88
846,MAA,PAT,22
847,GOI,JAI,39
848,VNS,BBI,8
849,VNS,PAT,80
850,BLR,PNQ,42
851,DEL,AMD,77
852,JAI,BBI,70
853,COK,BBI,85
854,VNS,AMD,25
855,HYD,GOI,103
856,HYD,VNS,38
857,GAU,PAT,36
858,GAU,PAT,36
859,BLR,BBI,53
860,BOM,AMD,110
861,MAA,GAU,13
862,CCU,IXB,31
863,GOI,JAI,95
864,DEL,BLR,70
865,CCU,AMD,20
866,COK,CCU,65
867,PAT,BLR,89
868,BDQ,COK,104
869,AMD,BOM,52
870,BBI,PAT,13
871,CCU,COK,68
872,PAT,DEL,4
873,GOI,HYD,120
874,IXC,BOM,16
875,VNS,GAU,60
876,LKO,VNS,51
877,BBI,PNQ,71
878,HYD,DEL,84
879,SXR,BBI,78
880,BBI,COK,110
881,SXR,IXC,88
882,MAA,GOI,9
883,AMD,HYD,77
884,HYD,AMD,22
885,BDQ,JAI,10
886,PNQ,LKO,83
887,MAA,GAU,15
888,PNQ,HYD,92
889,BLR,COK,26
890,LKO,BDQ,28
891,HYD,CCU,82
892,BLR,GAU,40
893,PAT,JAI,19
894,PNQ,BDQ,55
895,LKO,CCU,62
896,MAA,HYD,103
897,JAI,HYD,5
898,GOI,MAA,84
899,JAI,AMD,35
900,DEL,PNQ,92
901,VNS,MAA,26
902,JAI,BBI,87
903,VNS,PNQ,97
904,GOI,BDQ,101
905,LKO,DEL,79
906,SXR,BLR,23
907,CCU,SXR,70
908,BOM,GAU,47
909,IXC,BBI,113
910,BOM,BBI,86
911,DEL,BLR,94
912,HYD,BOM,49
913,IXB,BBI,119
914,BOM,BBI,50
915,GAU,IXB,39
916,BOM,LKO,27
917,HYD,GOI,80
918,BLR,JAI,105
919,JAI,MAA,9
920,MAA,LKO,8
921,IXC,JAI,58
922,AMD,HYD,54
923,DEL,MAA,47
924,COK,IXC,39
925,BBI,COK,9
926,BBI,IXC,25
927,MAA,LKO,52
928,MAA,BLR,112
929,JAI,VNS,68
930,BLR,PAT,20
931,BOM,SXR,80
932,GOI,COK,61
933,IXC,BLR,67
934,BOM,IXC,31
935,BLR,JAI,71
936,BOM,AMD,53
937,COK,GAU,119
938,BOM,BBI,91
939,PNQ,DEL,55
940,HYD,SXR,92
941,GOI,MAA,57
942,IXB,SXR,1
943,AMD,MAA,4
944,COK,GOI,116
945,COK,IXC,40
946,HYD,BDQ,104
947,HYD,MAA,42
948,LKO,GOI,87
949,SXR,PAT,25
950,MAA,DEL,29
951,COK,BBI,93
952,COK,PAT,47
953,SXR,PAT,31
954,DEL,JAI,46
955,CCU,DEL,29
956,LKO,DEL,15
957,BBI,VNS,119
958,PAT,BLR,107
959,BDQ,GAU,14
960,HYD,BLR,54
961,GOI,IXC,23
962,COK,BLR,97
963,BBI,BDQ,56
964,BLR,JAI,115
965,LKO,PNQ,16
966,IXB,IXC,110
967,LKO,VNS,12
968,SXR,IXB,33
969,DEL,AMD,73
970,HYD,AMD,67
971,BBI,IXC,102
972,LKO,COK,53
973,SXR,HYD,57
974,IXC,IXB,112
975,VNS,BLR,39
976,SXR,GOI,115
977,BLR,LKO,16
978,CCU,SXR,0
979,JAI,AMD,43
980,BBI,IXB,16
981,VNS,BBI,95
982,DEL,AMD,49
983,PAT,CCU,78
984,IXC,PNQ,41
985,PAT,PNQ,54
986,BLR,BOM,43
987,AMD,HYD,106
988,DEL,GAU,101
989,IXC,LKO,46
990,PNQ,DEL,90
991,PNQ,SXR,66
992,COK,IXC,57
993,BDQ,BLR,61
994,LKO,BBI,109
995,CCU,PNQ,119
996,PAT,CCU,63
997,GOI,JAI,44
998,GOI,SXR,116
999,BDQ,BLR,84
1000,COK,GOI,61
1001,BBI,BDQ,80
1002,DEL,PAT,18
1003,PAT,CCU,100
1004,BDQ,GOI,68
1005,COK,GOI,10
1006,GAU,COK,113
1007,COK,PNQ,88
1008,IXC,DEL,31
1009,CCU,PNQ,104
1010,LKO,IXC,57
1011,PAT,GOI,51
1012,DEL,PNQ,110
1013,BDQ,CCU,34
1014,BDQ,HYD,7
1015,IXB,DEL,91
1016,BBI,BLR,67
1017,AMD,CCU,96
1018,BDQ,LKO,22
1019,AMD,PNQ,100
1020,IXC,MAA,7
1021,PAT,BDQ,74
1022,BDQ,HYD,79
1023,IXC,AMD,112
1024,HYD,PNQ,99
1025,HYD,SXR,79
1026,BOM,JAI,120
1027,SXR,BBI,79
1028,BDQ,COK,112
1029,GAU,BDQ,112
1030,COK,BBI,30
1031,LKO,GAU,10
1032,JAI,COK,15
1033,CCU,SXR,6
1034,BDQ,HYD,12
1035,BBI,MAA,64
1036,BLR,DEL,82
1037,BDQ,AMD,37
1038,PAT,BBI,21
1039,CCU,GOI,2
1040,VNS,BDQ,34
1041,BLR,SXR,88
1042,CCU,DEL,45
1043,LKO,JAI,35
1044,BLR,DEL,84
1045,CCU,JAI,16
1046,COK,GAU,80
1047,CCU,BBI,60
1048,VNS,BBI,86
1049,BBI,GOI,99
1050,MAA,SXR,108
1051,HYD,GAU,17
1052,PNQ,HYD,9
1053,DEL,BBI,91
1054,PAT,LKO,3
1055,MAA,PAT,62
1056,BLR,MAA,112
1057,HYD,LKO,69
1058,IXC,COK,52
1059,IXC,LKO,83
1060,CCU,SXR,72
1061,PAT,BOM,64
1062,VNS,JAI,25
1063,MAA,BDQ,58
1064,GOI,CCU,0
1065,BOM,PNQ,35
1066,JAI,LKO,30
1067,MAA,DEL,32
1068,VNS,BOM,40
1069,JAI,VNS,118
1070,LKO,SXR,77
1071,PAT,COK,44
1072,PAT,AMD,110
1073,GOI,BLR,23
1074,DEL,SXR,36
1075,IXC,COK,19
1076,BOM,IXB,78
1077,DEL,COK,39
1078,PNQ,IXB,94
1079,BOM,BLR,52
1080,PAT,JAI,109
1081,BBI,IXB,12
1082,SXR,BDQ,78
1083,IXC,BOM,46
1084,BOM,JAI,85
1085,PAT,GAU,69
1086,PAT,GOI,75
1087,MAA,CCU,41
1088,AMD,BOM,40
1089,IXB,BBI,94
1090,IXC,GOI,65
1091,LKO,MAA,103
1092,AMD,COK,95
1093,BBI,VNS,13
1094,GOI,PNQ,48
1095,COK,BOM,17
1096,DEL,IXB,3
1097,PNQ,BBI,0
1098,AMD,SXR,115
1099,PAT,BOM,92
1100,AMD,HYD,102
1101,IXB,AMD,54
1102,COK,PNQ,105
1103,SXR,BBI,80
1104,MAA,BOM,15
1105,AMD,COK,105
1106,LKO,GAU,49
1107,BBI,BDQ,14
1108,HYD,MAA,81
1109,LKO,GOI,77
1110,LKO,BDQ,99
1111,GAU,SXR,39
1112,GOI,BOM,51
1113,BBI,HYD,7
1114,AMD,JAI,100
1115,PAT,IXC,16
1116,GOI,SXR,118
1117,CCU,IXC,55
1118,IXB,BOM,98
1119,LKO,DEL,7
1120,DEL,IXC,79
1121,PNQ,DEL,64
1122,BOM,IXC,70
1123,IXB,CCU,76
1124,DEL,BLR,27
1125,CCU,AMD,43
1126,JAI,CCU,11
1127,IXB,JAI,115
1128,BDQ,IXC,20
1129,BDQ,HYD,81
1130,MAA,SXR,83
1131,DEL,PNQ,115
1132,VNS,AMD,67
1133,COK,BDQ,30
1134,IXB,DEL,52
1135,GOI,BDQ,2
1136,MAA,JAI,30
1137,JAI,PNQ,87
1138,LKO,JAI,53
1139,CCU,MAA,13
1140,IXB,AMD,41
1141,BDQ,CCU,15
1142,JAI,PNQ,18
1143,PNQ,BOM,85
1144,IXB,GAU,100
1145,SXR,LKO,68
1146,AMD,BBI,38
1147,IXB,VNS,89
1148,AMD,BOM,45
1149,PNQ,BOM,29
1150,IXB,VNS,84
1151,BBI,PNQ,35
1152,BBI,IXB,103
1153,PNQ,PAT,22
1154,MAA,LKO,75
1155,IXC,SXR,68
1156,BBI,BDQ,31
1157,SXR,BDQ,52
1158,COK,IXB,111
1159,DEL,HYD,41
1160,GAU,MAA,23
1161,COK,HYD,54
1162,BDQ,HYD,65
1163,VNS,AMD,115
1164,BBI,SXR,83
1165,MAA,BLR,78
1166,PAT,VNS,32
1167,VNS,BOM,82
1168,BLR,PAT,40
1169,GAU,BOM,16
1170,GOI,JAI,7
1171,DEL,CCU,31
1172,HYD,IXB,52
1173,LKO,AMD,39
1174,BLR,IXB,63
1175,VNS,DEL,15
1176,COK,BLR,20
1177,CCU,AMD,57
1178,VNS,BOM,65
1179,IXB,BDQ,28
1180,BDQ,IXB,19
1181,CCU,IXB,39
1182,JAI,AMD,88
1183,IXB,VNS,93
1184,PAT,GAU,107
1185,GOI,PNQ,103
1186,IXB,IXC,93
1187,MAA,BDQ,85
1188,SXR,GOI,56
1189,PAT,DEL,66
1190,BBI,HYD,1
1191,BLR,IXB,42
1192,MAA,BBI,15
1193,BDQ,IXB,70
1194,VNS,GOI,15
1195,GAU,COK,120
1196,AMD,IXC,37
1197,BBI,SXR,44
1198,BLR,CCU,88
1199,JAI,BOM,80
1200,PAT,PNQ,8
1201,VNS,LKO,96
1202,GOI,LKO,99
1203,COK,PNQ,33
1204,GOI,BOM,49
1205,GOI,GAU,86
1206,VNS,CCU,48
1207,PAT,DEL,12
1208,BDQ,IXC,111
1209,IXB,PAT,39
1210,BDQ,LKO,115
1211,GAU,VNS,92
1212,PNQ,GAU,116
1213,MAA,HYD,17
1214,BBI,DEL,98
1215,SXR,BDQ,51
1216,MAA,DEL,19
1217,IXC,LKO,26
1218,AMD,JAI,9
1219,VNS,AMD,82
1220,DEL,BOM,119
1221,HYD,BOM,1
1222,DEL,COK,25
1223,GOI,SXR,106
1224,BBI,COK,59
1225,IXC,HYD,12
1226,HYD,COK,102
1227,GOI,LKO,105
1228,MAA,BLR,90
1229,PNQ,BOM,11
1230,SXR,BOM,36
1231,HYD,GOI,82
1232,GOI,CCU,96
1233,BOM,PAT,5
1234,SXR,BLR,96
1235,PNQ,IXB,49
1236,DEL,BOM,43
1237,IXC,BBI,0
1238,BOM,PNQ,71
1239,LKO,VNS,89
1240,CCU,DEL,18
1241,DEL,COK,43
1242,SXR,JAI,85
1243,DEL,LKO,78
1244,LKO,GOI,114
1245,AMD,GAU,88
1246,COK,PAT,2
1247,GAU,CCU,79
1248,BBI,BLR,40
1249,LKO,GAU,74
1250,MAA,SXR,25
1251,BLR,MAA,13
1252,BLR,AMD,36
1253,LKO,VNS,39
1254,GOI,VNS,99
1255,CCU,GAU,17
1256,BDQ,GAU,37
1257,COK,LKO,96
1258,PAT,VNS,105
1259,DEL,IXB,78
1260,BOM,BDQ,14
1261,BLR,BBI,17
1262,JAI,HYD,66
1263,DEL,IXC,58
1264,LKO,MAA,22
1265,IXB,PNQ,30
1266,LKO,VNS,87
1267,VNS,IXC,60
1268,HYD,AMD,85
1269,BOM,PAT,51
1270,GAU,IXB,67
1271,CCU,BBI,68
1272,GAU,IXC,120
1273,PNQ,SXR,19
1274,IXC,COK,45
1275,PAT,VNS,117
1276,DEL,AMD,109
1277,MAA,PNQ,57
1278,BLR,MAA,59
1279,GAU,BOM,67
1280,CCU,GAU,86
1281,DEL,IXB,113
1282,IXC,GOI,90
1283,VNS,JAI,53
1284,VNS,BBI,107
1285,JAI,LKO,99
1286,CCU,BDQ,94
1287,GAU,MAA,82
1288,AMD,LKO,3
1289,COK,CCU,16
1290,PAT,COK,61
1291,DEL,CCU,97
1292,BLR,GAU,39
1293,COK,IXC,115
1294,MAA,GAU,94
1295,HYD,BBI,112
1296,LKO,JAI,30
1297,VNS,BLR,84
1298,BDQ,BBI,69
1299,GAU,PAT,42
1300,IXC,HYD,90
1301,BLR,COK,8
1302,BBI,JAI,104
1303,PNQ,GAU,80
1304,BDQ,GOI,87
1305,GAU,VNS,53
1306,IXB,JAI,68
1307,IXC,PNQ,13
1308,BOM,PNQ,3
1309,BOM,GAU,27
1310,VNS,IXB,120
1311,GAU,DEL,56
1312,BOM,JAI,15
1313,PNQ,GOI,92
1314,IXC,PNQ,35
1315,CCU,PAT,72
1316,HYD,AMD,50
1317,JAI,MAA,96
1318,IXC,CCU,12
1319,BOM,BBI,36
1320,CCU,DEL,106
1321,BOM,SXR,87
1322,GAU,BOM,47
1323,LKO,HYD,57
1324,LKO,MAA,51
1325,COK,VNS,43
1326,MAA,SXR,15
1327,PNQ,BOM,4
1328,GAU,MAA,49
1329,SXR,PNQ,104
1330,AMD,BOM,70
1331,SXR,HYD,118
1332,COK,SXR,10
1333,CCU,IXB,112
1334,COK,BOM,66
1335,MAA,BOM,52
1336,DEL,VNS,5
1337,COK,GAU,118
1338,MAA,BLR,91
1339,SXR,IXB,85
1340,DEL,BOM,70
1341,SXR,BBI,91
1342,BDQ,IXB,46
1343,JAI,BLR,89
1344,GAU,IXC,63
1345,IXB,GAU,37
1346,CCU,JAI,85
1347,BLR,GAU,42
1348,SXR,PNQ,45
1349,BDQ,PAT,21
1350,GOI,COK,100
1351,HYD,IXB,17
1352,BDQ,PAT,25
1353,AMD,CCU,4
1354,IXB,PNQ,55
1355,SXR,HYD,55
1356,BLR,GOI,35
1357,BBI,BLR,48
1358,COK,MAA,109
1359,BOM,PNQ,109
1360,MAA,VNS,102
1361,BDQ,BBI,24
1362,BLR,DEL,63
1363,PNQ,IXB,83
1364,COK,MAA,12
1365,BLR,AMD,120
1366,IXB,DEL,46
1367,BBI,IXC,57
1368,COK,MAA,45
1369,VNS,BDQ,84
1370,CCU,BBI,23
1371,PNQ,IXB,58
1372,GAU,MAA,53
1373,IXB,COK,87
1374,BDQ,PNQ,107
1375,PAT,CCU,110
1376,VNS,JAI,58
1377,IXC,VNS,15
1378,IXB,SXR,23
1379,BDQ,PNQ,77
1380,PAT,LKO,103
1381,VNS,COK,67
1382,HYD,VNS,111
1383,SXR,GOI,110
1384,JAI,IXB,72
1385,BDQ,BBI,117
1386,BDQ,MAA,98
1387,IXB,COK,73
1388,JAI,PNQ,98
1389,DEL,MAA,15
1390,CCU,SXR,103
1391,LKO,GOI,111
1392,HYD,BOM,0
1393,GAU,SXR,78
1394,PAT,MAA,92
1395,CCU,JAI,50
1396,MAA,BOM,74
1397,BLR,JAI,31
1398,MAA,HYD,18
1399,BOM,BLR,102
1400,PAT,COK,114
1401,GOI,AMD,34
1402,JAI,LKO,85
1403,IXC,COK,56
1404,JAI,HYD,75
1405,BOM,SXR,56
1406,HYD,PNQ,113
1407,PAT,SXR,71
1408,IXC,LKO,18
1409,MAA,BBI,48
1410,BDQ,JAI,46
1411,VNS,DEL,37
1412,IXC,BOM,57
1413,PNQ,BBI,59
1414,LKO,SXR,8
1415,BBI,PNQ,57
1416,GOI,HYD,43
1417,PAT,COK,31
1418,BLR,GAU,68
1419,CCU,SXR,118
1420,BBI,MAA,98
1421,GAU,JAI,24
1422,PAT,GOI,102
1423,IXB,COK,62
1424,COK,CCU,101
1425,GAU,BLR,20
1426,AMD,MAA,111
1427,BOM,COK,57
1428,GOI,CCU,92
1429,BBI,VNS,31
1430,SXR,LKO,9
1431,GOI,VNS,48
1432,HYD,GAU,23
1433,BOM,DEL,9
1434,LKO,IXB,2
1435,COK,HYD,66
1436,PAT,BBI,109
1437,BDQ,CCU,33
1438,SXR,VNS,59
1439,PAT,MAA,101
1440,IXC,GAU,92
1441,SXR,VNS,2
1442,MAA,PNQ,29
1443,GOI,GAU,60
1444,PNQ,GAU,31
1445,GAU,DEL,29
1446,LKO,SXR,101
1447,BBI,AMD,81
1448,IXC,JAI,114
1449,DEL,BDQ,61
1450,AMD,DEL,97
1451,IXB,LKO,7
1452,DEL,PNQ,65
1453,HYD,CCU,20
1454,AMD,GAU,43
1455,PNQ,MAA,0
1456,PNQ,BLR,37
1457,BLR,MAA,61
1458,JAI,VNS,9
1459,IXB,BLR,56
1460,DEL,LKO,86
1461,GOI,BBI,22
1462,PNQ,VNS,22
1463,BBI,AMD,108
1464,LKO,GOI,111
1465,LKO,BOM,47
1466,CCU,VNS,33
1467,BLR,IXB,115
1468,MAA,DEL,3
1469,IXC,BDQ,21
1470,PAT,VNS,14
1471,BLR,BDQ,91
1472,CCU,LKO,40
1473,AMD,CCU,46
1474,COK,GOI,48
1475,JAI,COK,52
1476,PNQ,HYD,0
1477,MAA,GAU,10
1478,IXB,VNS,7
1479,BOM,GOI,30
1480,DEL,MAA,44
1481,PAT,AMD,101
1482,MAA,PAT,36
1483,PAT,VNS,90
1484,CCU,MAA,9
1485,BLR,IXB,43
1486,CCU,PNQ,5
1487,PNQ,BBI,26
1488,HYD,GAU,71
1489,IXC,PNQ,48
1490,IXB,CCU,84
1491,BOM,DEL,99
1492,AMD,PNQ,64
1493,DEL,AMD,28
1494,COK,JAI,115
1495,HYD,LKO,62
1496,VNS,PAT,89
1497,PAT,GAU,112
1498,CCU,SXR,39
1499,GOI,JAI,72
1500,DEL,SXR,118
1501,BOM,IXB,76
1502,GAU,AMD,88
1503,IXB,PNQ,82
1504,IXC,GAU,82
1505,BDQ,LKO,26
1506,PAT,VNS,23
1507,SXR,AMD,104
1508,BDQ,HYD,20
1509,JAI,VNS,44
1510,CCU,COK,92
1511,BBI,LKO,88
1512,LKO,BDQ,79
1513,VNS,GOI,0
1514,VNS,BOM,64
1515,BDQ,GAU,81
1516,BBI,LKO,103
1517,GAU,COK,12
1518,GOI,LKO,25
1519,HYD,LKO,62
1520,BLR,JAI,73
1521,IXB,LKO,31
1522,COK,CCU,103
1523,COK,JAI,112
1524,CCU,IXB,77
1525,BDQ,GOI,32
1526,IXC,BOM,20
1527,COK,BLR,119
1528,HYD,CCU,18
1529,PAT,VNS,61
1530,BOM,PNQ,61
1531,PNQ,VNS,5
1532,DEL,JAI,72
1533,COK,MAA,94
1534,COK,LKO,27
1535,GAU,SXR,116
1536,LKO,BOM,5
1537,COK,GAU,3
1538,COK,VNS,15
1539,JAI,HYD,19
1540,VNS,JAI,73
1541,VNS,PAT,81
1542,MAA,HYD,41
1543,VNS,GOI,55
1544,AMD,BOM,107
1545,COK,BOM,12
1546,JAI,COK,85
1547,COK,AMD,74
1548,CCU,AMD,16
1549,BOM,GOI,56
1550,VNS,BDQ,109
1551,HYD,IXC,13
1552,COK,DEL,78
1553,BOM,IXB,94
1554,BDQ,JAI,25
1555,CCU,BLR,21
1556,BBI,AMD,18
1557,DEL,GOI,61
1558,VNS,JAI,104
1559,GAU,CCU,81
1560,LKO,BLR,14
1561,LKO,PNQ,119
1562,PNQ,PAT,64
1563,IXB,BBI,10
1564,BLR,BBI,101
1565,MAA,VNS,86
1566,DEL,VNS,76
1567,LKO,BLR,75
1568,JAI,GAU,96
1569,BDQ,IXC,30
1570,COK,BLR,73
1571,COK,IXC,118
1572,GOI,SXR,1
1573,SXR,HYD,3
1574,CCU,MAA,88
1575,PAT,BOM,11
1576,JAI,BLR,116
1577,PNQ,HYD,42
1578,AMD,PAT,24
1579,SXR,IXB,93
1580,MAA,PNQ,46
1581,AMD,PAT,89
1582,CCU,HYD,88
1583,JAI,BLR,10
1584,BBI,VNS,53
1585,JAI,BOM,86
1586,DEL,PNQ,9
1587,MAA,GAU,107
1588,PAT,DEL,106
1589,HYD,COK,72
1590,CCU,LKO,104
1591,BBI,SXR,34
1592,AMD,BDQ,26
1593,SXR,BBI,91
1594,GAU,GOI,46
1595,PNQ,BDQ,43
1596,BLR,CCU,96
1597,MAA,LKO,117
1598,IXC,JAI,54
1599,LKO,AMD,112
1600,DEL,LKO,91
1601,IXB,JAI,102
1602,IXC,SXR,62
1603,HYD,JAI,90
1604,DEL,COK,115
1605,BBI,IXB,44
1606,PNQ,AMD,37
1607,IXB,BOM,18
1608,COK,JAI,117
1609,VNS,COK,0
1610,BBI,GAU,22
1611,BLR,VNS,86
1612,VNS,COK,45
1613,GAU,BDQ,53
1614,IXC,BOM,12
1615,VNS,SXR,34
1616,COK,DEL,78
1617,SXR,LKO,70
1618,SXR,PAT,53
1619,LKO,BLR,33
1620,DEL,CCU,89
1621,MAA,PAT,67
1622,BDQ,JAI,82
1623,CCU,BOM,17
1624,GAU,IXC,119
1625,BBI,BOM,58
1626,BOM,MAA,19
1627,CCU,SXR,36
1628,VNS,COK,28
1629,CCU,IXC,90
1630,COK,BLR,103
1631,GAU,PAT,69
1632,BLR,BOM,93
1633,CCU,MAA,25
1634,BLR,PAT,108
1635,BOM,JAI,28
1636,AMD,BBI,20
1637,BOM,PNQ,19
1638,PNQ,GOI,6
1639,SXR,COK,102
1640,DEL,PNQ,59
1641,MAA,IXB,20
1642,IXC,CCU,11
1643,GAU,GOI,32
1644,BLR,PAT,95
1645,SXR,BDQ,45
1646,SXR,JAI,65
1647,IXB,HYD,69
1648,PNQ,GOI,108
1649,HYD,VNS,79
1650,AMD,BBI,114
1651,GAU,IXC,13
1652,BBI,BLR,62
1653,PAT,GOI,52
1654,PAT,GAU,4
1655,GOI,SXR,86
1656,COK,MAA,51
1657,VNS,PNQ,50
1658,COK,SXR,101
1659,GOI,IXC,34
1660,HYD,GAU,0
1661,SXR,BOM,33
1662,CCU,HYD,63
1663,VNS,AMD,26
1664,LKO,PNQ,109
1665,PNQ,DEL,119
1666,BLR,AMD,120
1667,BOM,PNQ,9
1668,BBI,DEL,94
1669,LKO,BLR,94
1670,SXR,JAI,61
1671,BDQ,BLR,33
1672,BDQ,PNQ,105
1673,JAI,SXR,33
1674,MAA,BDQ,65
1675,DEL,GAU,86
1676,AMD,JAI,21
1677,BLR,MAA,4
1678,BDQ,PNQ,113
1679,BDQ,HYD,104
1680,GOI,PNQ,118
1681,MAA,BBI,22
1682,BDQ,GOI,86
1683,BLR,BDQ,80
1684,SXR,BLR,22
1685,VNS,BOM,48
1686,LKO,SXR,3
1687,DEL,BBI,80
1688,BOM,AMD,53
1689,BBI,LKO,15
1690,COK,GAU,14
1691,JAI,VNS,61
1692,BBI,LKO,55
1693,LKO,MAA,4
1694,PAT,COK,59
1695,HYD,SXR,92
1696,DEL,CCU,18
1697,JAI,PNQ,74
1698,BBI,AMD,77
1699,AMD,BBI,86
1700,DEL,BDQ,23
1701,IXC,SXR,88
1702,BOM,BLR,73
1703,GOI,PAT,66
1704,AMD,PAT,112
1705,SXR,DEL,94
1706,CCU,LKO,106
1707,PNQ,SXR,51
1708,AMD,BLR,17
1709,BBI,PAT,0
1710,BLR,COK,26
1711,IXB,GOI,81
1712,IXB,PAT,92
1713,BLR,SXR,39
1714,BDQ,GOI,76
1715,PNQ,HYD,84
1716,LKO,AMD,21
1717,PNQ,CCU,34
1718,CCU,LKO,11
1719,DEL,CCU,78
1720,BLR,CCU,5
1721,AMD,LKO,6
1722,GOI,IXC,115
1723,BLR,COK,120
1724,BLR,BOM,114
1725,MAA,DEL,8
1726,GOI,IXC,71
1727,LKO,DEL,53
1728,SXR,BDQ,104
1729,IXB,JAI,4
1730,GOI,BDQ,20
1731,IXC,PAT,43
1732,BLR,HYD,99
1733,BBI,COK,36
1734,JAI,PAT,12
1735,GOI,VNS,120
1736,AMD,IXC,22
1737,BBI,AMD,82
1738,GOI,COK,17
1739,AMD,BLR,19
1740,GAU,DEL,74
1741,BDQ,BOM,32
1742,GOI,MAA,9
1743,GAU,GOI,50
1744,GAU,CCU,86
1745,CCU,BLR,60
1746,SXR,AMD,36
1747,PNQ,BBI,59
1748,MAA,HYD,79
1749,MAA,HYD,54
1750,HYD,JAI,34
1751,JAI,PNQ,90
1752,AMD,IXB,91
1753,VNS,IXC,105
1754,COK,PAT,16
1755,HYD,GOI,2
1756,GAU,BLR,109
1757,VNS,PAT,5
1758,BOM,IXC,26
1759,CCU,GAU,84
1760,GOI,COK,67
1761,HYD,IXB,119
1762,MAA,AMD,49
1763,DEL,VNS,113
1764,AMD,BOM,89
1765,JAI,MAA,77
1766,COK,GOI,109
1767,AMD,SXR,37
1768,COK,DEL,34
1769,IXC,SXR,54
1770,PAT,AMD,5
1771,GOI,BDQ,43
1772,IXB,VNS,119
1773,BOM,HYD,113
1774,HYD,DEL,80
1775,BDQ,BOM,57
1776,BOM,COK,3
1777,LKO,IXB,32
1778,GOI,BBI,28
1779,IXC,LKO,72
1780,COK,IXB,8
1781,COK,MAA,37
1782,BOM,BBI,84
1783,PAT,BBI,87
1784,PNQ,AMD,74
1785,VNS,CCU,80
1786,DEL,BOM,37
1787,CCU,BDQ,55
1788,BDQ,BBI,110
1789,PNQ,DEL,89
1790,DEL,MAA,86
1791,JAI,LKO,117
1792,IXB,IXC,114
1793,IXC,CCU,25
1794,PAT,BBI,3
1795,CCU,HYD,89
1796,MAA,COK,61
1797,MAA,AMD,103
1798,GOI,VNS,17
1799,VNS,JAI,14
1800,GOI,JAI,79
1801,LKO,IXC,36
1802,PAT,BDQ,114
1803,LKO,IXB,50
1804,BLR,PAT,16
1805,PNQ,BOM,40
1806,HYD,CCU,51
1807,COK,BLR,48
1808,GOI,PAT,71
1809,COK,BBI,39
1810,IXB,IXC,20
1811,PNQ,BLR,78
1812,DEL,HYD,69
1813,SXR,BDQ,111
1814,PNQ,IXC,67
1815,CCU,BDQ,105
1816,HYD,VNS,79
1817,VNS,HYD,88
1818,JAI,AMD,56
1819,HYD,IXC,37
1820,COK,CCU,43
1821,DEL,JAI,37
1822,GOI,BLR,32
1823,IXB,IXC,49
1824,PNQ,CCU,78
1825,BDQ,CCU,5
1826,MAA,CCU,60
1827,GOI,IXB,85
1828,BBI,PAT,77
1829,PNQ,BBI,69
1830,JAI,COK,73
1831,MAA,HYD,117
1832,AMD,MAA,53
1833,IXC,BOM,75
1834,HYD,COK,34
1835,IXC,BDQ,42
1836,VNS,BOM,41
1837,BDQ,DEL,40
1838,JAI,IXC,97
1839,PNQ,BDQ,66
1840,GAU,IXC,72
1841,GAU,JAI,54
1842,BLR,IXC,6
1843,JAI,HYD,30
1844,PAT,AMD,4
1845,SXR,VNS,109
1846,HYD,BLR,94
1847,BBI,JAI,31
1848,PAT,BLR,30
1849,BLR,DEL,91
1850,MAA,HYD,21
1851,CCU,DEL,48
1852,GAU,VNS,64
1853,AMD,BLR,93
1854,BOM,GAU,50
1855,BLR,BDQ,69
1856,DEL,BLR,110
1857,GAU,JAI,93
1858,BLR,HYD,107
1859,COK,BDQ,38
1860,BDQ,GAU,15
1861,DEL,PAT,20
1862,VNS,BLR,103
1863,IXC,SXR,19
1864,VNS,IXC,9
1865,GOI,HYD,120
1866,IXC,SXR,15
1867,IXC,JAI,80
1868,GOI,DEL,56
1869,HYD,LKO,52
1870,SXR,BBI,33
1871,CCU,JAI,120
1872,HYD,PNQ,57
1873,GOI,BBI,84
1874,GOI,HYD,22
1875,GAU,PAT,20
1876,JAI,PNQ,68
1877,BLR,VNS,108
1878,BBI,HYD,48
1879,PNQ,DEL,36
1880,SXR,BLR,78
1881,HYD,DEL,24
1882,BOM,IXC,101
1883,PNQ,MAA,19
1884,VNS,LKO,110
1885,CCU,HYD,36
1886,BLR,BOM,102
1887,PAT,BLR,75
1888,VNS,BOM,63
1889,MAA,IXC,102
1890,VNS,CCU,90
1891,GAU,CCU,20
1892,BLR,PAT,88
1893,IXB,GOI,94
1894,IXB,GOI,85
1895,BOM,GOI,13
1896,SXR,BLR,38
1897,BLR,DEL,74
1898,HYD,MAA,84
1899,BOM,BLR,56
1900,HYD,BLR,33
1901,CCU,PNQ,61
1902,CCU,IXB,120
1903,BDQ,GOI,6
1904,PAT,GAU,115
1905,SXR,PNQ,72
1906,HYD,IXB,86
1907,PAT,HYD,76
1908,VNS,BOM,69
1909,PAT,DEL,54
1910,JAI,BLR,29
1911,VNS,DEL,16
1912,MAA,GAU,102
1913,COK,AMD,74
1914,AMD,LKO,85
1915,HYD,PAT,105
1916,DEL,SXR,64
1917,LKO,COK,110
1918,PNQ,SXR,51
1919,IXC,VNS,71
1920,HYD,JAI,92
1921,IXB,PNQ,35
1922,LKO,MAA,41
1923,IXB,PAT,117
1924,PAT,GOI,5
1925,AMD,SXR,62
1926,BLR,HYD,43
1927,BBI,SXR,92
1928,SXR,BOM,77
1929,AMD,JAI,76
1930,MAA,JAI,2
1931,BBI,PAT,6
1932,IXC,AMD,59
1933,VNS,SXR,26
1934,PNQ,SXR,67
1935,DEL,COK,70
1936,MAA,LKO,59
1937,BOM,BLR,102
1938,IXC,BDQ,40
1939,DEL,IXC,93
1940,PAT,JAI,101
1941,AMD,IXB,88
1942,HYD,BBI,3
1943,BOM,MAA,57
1944,JAI,IXC,26
1945,HYD,BLR,114
1946,HYD,PAT,32
1947,HYD,JAI,3
1948,VNS,BDQ,114
1949,BLR,PAT,38
1950,BBI,MAA,22
1951,BDQ,CCU,117
1952,BDQ,GOI,89
1953,COK,JAI,37
1954,LKO,VNS,67
1955,LKO,PAT,85
1956,BOM,SXR,89
1957,BLR,PNQ,71
1958,COK,BBI,115
1959,GAU,BBI,10
1960,BBI,COK,60
1961,BBI,CCU,21
1962,DEL,AMD,62
1963,IXC,LKO,4
1964,PNQ,BBI,63
1965,MAA,IXB,56
1966,PAT,BLR,54
1967,CCU,MAA,32
1968,IXB,PNQ,100
1969,BOM,BDQ,35
1970,DEL,BBI,20
1971,BLR,PAT,101
1972,GOI,SXR,87
1973,VNS,IXB,98
1974,HYD,BOM,56
1975,PAT,JAI,15
1976,BOM,HYD,68
1977,CCU,IXC,46
1978,BBI,VNS,69
1979,LKO,DEL,87
1980,BOM,PAT,72
1981,VNS,IXB,3
1982,BBI,DEL,27
1983,BLR,GAU,39
1984,BOM,IXB,118
1985,BLR,HYD,94
1986,IXC,BLR,15
1987,PNQ,COK,44
1988,COK,GAU,97
1989,GOI,IXB,106
1990,BBI,COK,67
1991,BOM,VNS,117
1992,VNS,CCU,61
1993,GAU,BDQ,19
1994,CCU,BLR,14
1995,PNQ,HYD,44
1996,GAU,CCU,78
1997,PAT,BLR,120
1998,HYD,GAU,54
1999,SXR,BLR,77
2000,BLR,COK,2
2001,BDQ,BOM,80
2002,PNQ,VNS,66
2003,LKO,CCU,12
2004,BBI,BDQ,10
2005,DEL,VNS,109
2006,JAI,SXR,13
2007,VNS,COK,95
2008,PNQ,CCU,65
2009,HYD,COK,32
2010,BBI,GAU,21
2011,VNS,LKO,30
2012,BLR,JAI,109
2013,BLR,VNS,109
2014,HYD,JAI,78
2015,GOI,CCU,108
2016,AMD,JAI,27
2017,COK,CCU,16
2018,BBI,BLR,11
2019,COK,PAT,13
2020,BDQ,CCU,13
2021,SXR,BOM,35
2022,VNS,IXB,15
2023,LKO,COK,119
2024,PNQ,SXR,26
2025,PNQ,SXR,77
2026,CCU,HYD,97
2027,CCU,LKO,29
2028,HYD,BOM,107
2029,BOM,VNS,66
2030,MAA,JAI,31
2031,GAU,GOI,1
2032,VNS,BOM,65
2033,HYD,BDQ,93
2034,JAI,BDQ,47
2035,BDQ,PNQ,52
2036,MAA,PAT,17
2037,COK,BOM,78
2038,PAT,LKO,56
2039,IXC,HYD,114
2040,BLR,AMD,56
2041,JAI,BBI,1
2042,BDQ,MAA,82
2043,GAU,VNS,70
2044,BOM,JAI,54
2045,IXB,SXR,108
2046,IXB,CCU,42
2047,COK,BLR,33
2048,COK,SXR,25
2049,HYD,GOI,4
2050,GAU,BOM,76
2051,GAU,COK,74
2052,DEL,HYD,106
2053,GAU,HYD,39
2054,BOM,BDQ,83
2055,IXC,JAI,110
2056,CCU,HYD,11
2057,AMD,HYD,18
2058,MAA,BOM,108
2059,VNS,BDQ,75
2060,COK,JAI,74
2061,DEL,PAT,10
2062,LKO,BLR,99
2063,SXR,MAA,24
2064,IXB,LKO,1
2065,SXR,HYD,94
2066,DEL,MAA,61
2067,BDQ,MAA,68
2068,IXB,PAT,58
2069,CCU,BOM,24
2070,BDQ,BOM,106
2071,GAU,PNQ,73
2072,GOI,BOM,107
2073,LKO,GOI,120
2074,VNS,IXC,73
2075,BLR,SXR,103
2076,BDQ,IXC,70
2077,SXR,BBI,27
2078,CCU,JAI,16
2079,IXB,SXR,45
2080,IXC,VNS,44
2081,HYD,LKO,100
2082,COK,DEL,118
2083,DEL,BOM,110
2084,DEL,IXC,94
2085,MAA,LKO,34
2086,PNQ,GOI,55
2087,SXR,IXC,86
2088,GOI,SXR,97
2089,HYD,BDQ,33
2090,GOI,IXC,38
2091,MAA,GOI,65
2092,IXC,COK,5
2093,IXB,DEL,28
2094,LKO,AMD,50
2095,GAU,LKO,72
2096,BBI,IXB,29
2097,JAI,GOI,0
2098,GAU,DEL,91
2099,SXR,MAA,9
2100,IXC,VNS,116
2101,BLR,MAA,64
2102,VNS,PAT,79
2103,DEL,BOM,39
2104,SXR,BOM,30
2105,BOM,BBI,31
2106,PNQ,AMD,8
2107,COK,DEL,104
2108,PNQ,CCU,37
2109,PAT,CCU,106
2110,LKO,BDQ,99
2111,COK,DEL,33
2112,LKO,GOI,108
2113,LKO,IXC,93
2114,COK,CCU,118
2115,GAU,BOM,2
2116,PNQ,IXC,48
2117,PNQ,BDQ,2
2118,HYD,IXB,115
2119,BLR,AMD,102
2120,JAI,BOM,1
2121,DEL,PNQ,112
2122,COK,CCU,63
2123,PNQ,IXC,53
2124,SXR,BDQ,85
2125,BDQ,IXB,96
2126,MAA,VNS,115
2127,LKO,PNQ,20
2128,BBI,JAI,31
2129,IXC,BDQ,87
2130,BLR,SXR,60
2131,BDQ,COK,117
2132,JAI,HYD,116
2133,LKO,COK,56
2134,DEL,BBI,32
2135,IXB,GAU,92
2136,PAT,BLR,55
2137,SXR,HYD,49
2138,MAA,LKO,118
2139,BLR,BOM,74
2140,CCU,DEL,48
2141,BOM,JAI,23
2142,LKO,IXC,120
2143,GAU,BLR,116
2144,SXR,MAA,95
2145,BBI,BOM,84
2146,BBI,PNQ,72
2147,CCU,BBI,14
2148,JAI,LKO,87
2149,BDQ,IXB,97
2150,IXB,GOI,34
2151,BBI,MAA,107
2152,LKO,BOM,21
2153,DEL,BBI,73
2154,PAT,DEL,21
2155,CCU,PAT,22
2156,GAU,SXR,71
2157,CCU,BOM,37
2158,COK,JAI,90
2159,PNQ,JAI,19
2160,JAI,PNQ,18
2161,BOM,GOI,37
2162,GAU,BDQ,20
2163,AMD,DEL,111
2164,GAU,IXB,88
2165,MAA,JAI,33
2166,AMD,DEL,3
2167,PNQ,HYD,109
2168,BOM,PNQ,18
2169,BDQ,BLR,92
2170,SXR,COK,28
2171,HYD,PAT,1
2172,SXR,COK,40
2173,BOM,BLR,3
2174,MAA,PNQ,37
2175,VNS,SXR,60
2176,AMD,GAU,108
2177,AMD,BBI,85
2178,JAI,AMD,83
2179,JAI,DEL,100
2180,MAA,SXR,81
2181,AMD,GAU,116
2182,SXR,MAA,41
2183,BLR,IXC,48
2184,VNS,IXB,33
2185,VNS,BLR,15
2186,JAI,CCU,116
2187,SXR,BDQ,76
2188,JAI,IXB,120
2189,BDQ,AMD,17
2190,BOM,BDQ,91
2191,BLR,SXR,51
2192,VNS,HYD,69
2193,BDQ,JAI,2
2194,PAT,DEL,111
2195,BDQ,LKO,4
2196,LKO,BDQ,64
2197,GOI,PNQ,82
2198,BDQ,DEL,6
2199,BLR,COK,78
2200,LKO,BBI,120
2201,BDQ,BLR,73
2202,BDQ,BLR,68
2203,LKO,BOM,101
2204,PNQ,IXB,65
2205,AMD,COK,106
2206,CCU,SXR,70
2207,PAT,GOI,58
2208,COK,VNS,19
2209,GOI,PNQ,104
2210,COK,DEL,43
2211,MAA,PNQ,31
2212,DEL,COK,35
2213,JAI,BDQ,21
2214,VNS,DEL,61
2215,VNS,IXC,11
2216,BBI,LKO,44
2217,PNQ,BDQ,30
2218,CCU,BOM,101
2219,CCU,COK,81
2220,BLR,IXB,90
2221,LKO,MAA,37
2222,GAU,VNS,114
2223,VNS,HYD,92
2224,MAA,HYD,84
2225,BLR,PNQ,0
2226,VNS,SXR,38
2227,BOM,BDQ,34
2228,AMD,CCU,66
2229,LKO,AMD,3
2230,PAT,COK,44
2231,PAT,CCU,22
2232,COK,GAU,42
2233,MAA,PAT,74
2234,MAA,GAU,100
2235,PNQ,AMD,33
2236,COK,PAT,96
2237,SXR,PNQ,34
2238,JAI,GOI,43
2239,PAT,LKO,45
2240,JAI,SXR,87
2241,JAI,BDQ,85
2242,PAT,BDQ,100
2243,AMD,DEL,9
2244,PAT,PNQ,117
2245,BDQ,DEL,108
2246,DEL,HYD,110
2247,COK,PNQ,3
2248,BDQ,BBI,76
2249,PNQ,COK,119
2250,IXC,COK,45
2251,VNS,SXR,39
2252,GAU,JAI,109
2253,HYD,PNQ,94
2254,PNQ,LKO,110
2255,BDQ,AMD,10
2256,GAU,BOM,104
2257,COK,BBI,49
2258,GOI,HYD,28
2259,VNS,AMD,6
2260,BOM,SXR,52
2261,HYD,BBI,10
2262,CCU,DEL,112
2263,COK,LKO,64
2264,GAU,HYD,21
2265,IXB,SXR,46
2266,AMD,JAI,29
2267,BDQ,GAU,36
2268,JAI,GOI,29
2269,PNQ,AMD,4
2270,BOM,VNS,41
2271,BLR,GOI,52
2272,CCU,GOI,9
2273,JAI,LKO,38
2274,PAT,SXR,108
2275,JAI,PNQ,31
2276,BLR,DEL,1
2277,BBI,AMD,35
2278,IXC,LKO,101
2279,COK,PAT,73
2280,AMD,PAT,118
2281,BOM,BDQ,113
2282,BDQ,CCU,9
2283,GAU,LKO,38
2284,GAU,SXR,35
2285,LKO,GOI,103
2286,CCU,AMD,12
2287,IXB,HYD,68
2288,BOM,AMD,29
2289,BOM,PNQ,21
2290,JAI,IXC,44
2291,MAA,COK,45
2292,BOM,GOI,99
2293,PAT,BOM,65
2294,SXR,CCU,51
2295,CCU,MAA,102
2296,CCU,GAU,90
2297,AMD,PAT,53
2298,AMD,JAI,3
2299,BOM,PAT,86
2300,SXR,BOM,77
2301,CCU,BDQ,87
2302,HYD,PNQ,68
2303,JAI,PAT,118
2304,MAA,LKO,61
2305,COK,DEL,10
2306,IXC,SXR,55
2307,COK,IXB,1
2308,AMD,BLR,3
2309,PNQ,HYD,35
2310,PAT,SXR,74
2311,IXC,VNS,120
2312,HYD,BOM,50
2313,LKO,CCU,54
2314,BOM,DEL,97
2315,DEL,BBI,37
2316,BDQ,IXB,97
2317,CCU,BDQ,30
2318,BOM,DEL,73
2319,JAI,IXC,106
2320,BOM,CCU,77
2321,BOM,PAT,101
2322,GAU,JAI,27
2323,PNQ,BDQ,21
2324,JAI,DEL,13
2325,BOM,LKO,49
2326,IXC,BOM,74
2327,MAA,CCU,118
2328,BDQ,DEL,70
2329,AMD,HYD,58
2330,IXB,COK,46
2331,IXC,GOI,44
2332,BOM,AMD,8
2333,HYD,PNQ,114
2334,GAU,MAA,35
2335,BDQ,CCU,120
2336,BDQ,COK,84
2337,JAI,IXC,110
2338,COK,AMD,66
2339,HYD,SXR,20
2340,GAU,BOM,12
2341,IXC,CCU,6
2342,VNS,PAT,117
2343,BLR,GOI,103
2344,IXB,CCU,109
2345,CCU,SXR,80
2346,IXB,DEL,2
2347,CCU,IXB,8
2348,GAU,DEL,93
2349,IXC,JAI,88
2350,BLR,AMD,50
2351,GOI,VNS,22
2352,GOI,PNQ,59
2353,IXC,JAI,81
2354,IXC,MAA,109
2355,CCU,JAI,108
2356,SXR,JAI,25
2357,BLR,DEL,49
2358,IXB,PNQ,91
2359,COK,BBI,120
2360,IXC,PAT,32
2361,AMD,DEL,89
2362,DEL,SXR,2
2363,BBI,BOM,108
2364,SXR,PAT,50
2365,SXR,AMD,14
2366,GAU,COK,106
2367,SXR,PAT,99
2368,GOI,MAA,87
2369,HYD,LKO,98
2370,CCU,COK,9
2371,IXB,PAT,28
2372,GOI,PAT,1
2373,MAA,JAI,68
2374,PNQ,PAT,47
2375,MAA,COK,31
2376,BLR,AMD,51
2377,JAI,PAT,65
2378,BOM,AMD,4
2379,GAU,CCU,110
2380,AMD,BDQ,5
2381,AMD,HYD,46
2382,IXB,HYD,57
2383,CCU,LKO,37
2384,SXR,MAA,77
2385,AMD,DEL,40
2386,BOM,LKO,88
2387,HYD,GAU,3
2388,VNS,BBI,116
2389,JAI,GAU,99
2390,BOM,AMD,37
2391,PAT,BBI,85
2392,GAU,SXR,33
2393,IXB,BLR,71
2394,VNS,PNQ,103
2395,MAA,COK,39
2396,JAI,DEL,85
2397,BDQ,PNQ,91
2398,BOM,PAT,108
2399,SXR,GAU,14
2400,IXB,COK,44
2401,AMD,IXB,64
2402,BLR,SXR,118
2403,PAT,VNS,29
2404,COK,CCU,100
2405,DEL,PNQ,75
2406,BOM,SXR,39
2407,BDQ,GOI,72
2408,HYD,BBI,96
2409,BOM,SXR,24
2410,BBI,JAI,72
2411,VNS,COK,54
2412,LKO,BOM,33
2413,IXC,HYD,53
2414,VNS,BBI,40
2415,SXR,HYD,99
2416,BOM,CCU,55
2417,LKO,CCU,95
2418,JAI,CCU,103
2419,MAA,BLR,45
2420,PNQ,DEL,79
2421,BOM,GAU,101
2422,JAI,PAT,112
2423,IXC,BLR,37
2424,PAT,LKO,106
2425,MAA,IXB,59
2426,BBI,JAI,117
2427,BBI,COK,78
2428,GAU,LKO,117
2429,BDQ,GOI,26
2430,SXR,PNQ,84
2431,CCU,BOM,74
2432,IXB,GOI,102
2433,BOM,BBI,93
2434,IXB,BBI,113
2435,AMD,JAI,112
2436,PNQ,COK,105
2437,SXR,JAI,32
2438,LKO,VNS,20
2439,BBI,COK,54
2440,HYD,SXR,92
2441,CCU,PAT,71
2442,IXB,DEL,78
2443,IXC,VNS,47
2444,JAI,BBI,25
2445,DEL,GAU,98
2446,PNQ,AMD,26
2447,JAI,BOM,15
2448,GAU,CCU,3
2449,COK,SXR,119
2450,GAU,JAI,53
2451,LKO,GAU,52
2452,LKO,BOM,90
2453,AMD,BLR,118
2454,PAT,AMD,25
2455,BOM,GOI,27
2456,DEL,PAT,107
2457,DEL,VNS,70
2458,PAT,JAI,23
2459,AMD,HYD,32
2460,PAT,PNQ,53
2461,BOM,JAI,100
2462,COK,BBI,29
2463,BLR,LKO,47
2464,BDQ,JAI,119
2465,SXR,DEL,117
2466,SXR,MAA,78
2467,LKO,CCU,27
2468,IXC,PAT,102
2469,MAA,BLR,101
2470,IXC,PNQ,106
2471,MAA,BLR,55
2472,AMD,HYD,104
2473,AMD,IXB,77
2474,PNQ,BLR,53
2475,HYD,BLR,112
2476,BOM,IXC,102
2477,BOM,DEL,52
2478,COK,LKO,109
2479,IXB,COK,84
2480,SXR,BBI,97
2481,BBI,PNQ,40
2482,AMD,GAU,48
2483,BLR,BBI,59
2484,MAA,BOM,86
2485,LKO,GOI,35
2486,PAT,IXB,20
2487,COK,BDQ,78
2488,SXR,GAU,92
2489,BLR,SXR,35
2490,CCU,IXC,86
2491,JAI,GAU,114
2492,MAA,BBI,9
2493,HYD,VNS,23
2494,CCU,PNQ,105
2495,LKO,BDQ,86
2496,COK,GOI,109
2497,GAU,JAI,10
2498,LKO,COK,101
2499,VNS,BDQ,74
2500,IXB,BBI,8
2501,COK,CCU,68
2502,COK,GAU,43
2503,BLR,HYD,98
2504,HYD,IXC,110
2505,VNS,LKO,111
2506,PNQ,BLR,31
2507,IXC,LKO,46
2508,VNS,GAU,113
2509,BBI,DEL,63
2510,DEL,GOI,37
2511,BDQ,PNQ,77
2512,GAU,PAT,45
2513,SXR,BBI,24
2514,JAI,SXR,101
2515,VNS,BOM,45
2516,BBI,BLR,118
2517,BLR,BBI,67
2518,PAT,SXR,93
2519,CCU,BOM,54
2520,BDQ,GAU,11
2521,BLR,IXC,92
2522,SXR,DEL,53
2523,CCU,SXR,78
2524,GAU,BOM,6
2525,BDQ,COK,27
2526,BBI,SXR,97
2527,BBI,SXR,51
2528,CCU,MAA,14
2529,VNS,DEL,26
2530,PAT,JAI,46
2531,CCU,BOM,107
2532,IXC,SXR,83
2533,GOI,SXR,89
2534,GAU,HYD,33
2535,IXB,GOI,10
2536,BOM,COK,48
2537,JAI,HYD,77
2538,JAI,PNQ,53
2539,LKO,DEL,6
2540,MAA,BDQ,81
2541,CCU,LKO,86
2542,MAA,CCU,12
2543,SXR,GOI,4
2544,MAA,LKO,4
2545,DEL,VNS,103
2546,AMD,CCU,7
2547,CCU,JAI,77
2548,VNS,COK,74
2549,VNS,DEL,89
2550,BDQ,VNS,14
2551,VNS,BLR,101
2552,BLR,IXC,94
2553,SXR,CCU,101
2554,BBI,IXB,96
2555,COK,SXR,45
2556,SXR,GOI,81
2557,IXB,LKO,37
2558,PAT,BBI,10
2559,CCU,AMD,8
2560,BDQ,CCU,7
2561,IXB,AMD,28
2562,IXB,GAU,47
2563,BOM,HYD,58
2564,GAU,JAI,34
2565,MAA,IXC,64
2566,CCU,SXR,65
2567,AMD,HYD,24
2568,BBI,GOI,21
2569,IXB,IXC,106
2570,GAU,CCU,0
2571,LKO,IXB,101
2572,IXB,SXR,73
2573,MAA,GAU,13
2574,HYD,SXR,61
2575,BLR,PNQ,50
2576,BOM,DEL,11
2577,DEL,COK,87
2578,GOI,PAT,92
2579,BLR,BOM,98
2580,JAI,BLR,78
2581,MAA,COK,87
2582,IXB,COK,37
2583,IXC,GOI,69
2584,PNQ,AMD,41
2585,PNQ,DEL,62
2586,BLR,BOM,77
2587,BLR,GOI,120
2588,JAI,PAT,117
2589,CCU,PNQ,88
2590,HYD,BLR,98
2591,BOM,MAA,25
2592,COK,AMD,27
2593,IXC,VNS,33
2594,MAA,VNS,75
2595,HYD,COK,48
2596,COK,BLR,11
2597,VNS,COK,43
2598,PAT,HYD,111
2599,MAA,BDQ,41
2600,GOI,BOM,18
2601,BBI,COK,53
2602,BDQ,BOM,58
2603,LKO,IXC,55
2604,JAI,BOM,25
2605,AMD,CCU,59
2606,BBI,SXR,51
2607,JAI,PAT,48
2608,BDQ,VNS,17
2609,MAA,HYD,19
2610,MAA,IXC,12
2611,BOM,CCU,65
2612,COK,DEL,51
2613,DEL,PAT,118
2614,LKO,GAU,80
2615,VNS,JAI,113
2616,BOM,BBI,111
2617,BLR,BDQ,56
2618,BOM,HYD,105
2619,JAI,PAT,12
2620,DEL,LKO,67
2621,BDQ,COK,61
2622,BOM,MAA,34
2623,GAU,IXB,62
2624,DEL,BDQ,13
2625,VNS,BOM,108
2626,PAT,GAU,99
2627,SXR,GAU,103
2628,HYD,IXC,79
2629,PAT,JAI,83
2630,PNQ,BBI,74
2631,DEL,JAI,114
2632,DEL,JAI,96
2633,CCU,PNQ,73
2634,MAA,PAT,113
2635,IXC,LKO,49
2636,LKO,PAT,35
2637,VNS,BLR,32
2638,VNS,AMD,104
2639,COK,PAT,13
2640,IXB,BOM,4
2641,PAT,AMD,39
2642,CCU,JAI,20
2643,VNS,GAU,100
2644,IXB,VNS,29
2645,BLR,DEL,57
2646,JAI,GOI,10
2647,PNQ,BLR,66
2648,SXR,BLR,20
2649,PAT,IXB,13
2650,VNS,GOI,8
2651,JAI,PAT,5
2652,VNS,IXC,87
2653,PAT,BOM,70
2654,BDQ,MAA,65
2655,CCU,GOI,86
2656,BLR,PNQ,116
2657,BLR,HYD,26
2658,BLR,MAA,82
2659,BLR,PNQ,68
2660,VNS,SXR,96
2661,BBI,COK,15
2662,GOI,PAT,90
2663,IXC,GAU,17
2664,COK,LKO,110
2665,AMD,PNQ,79
2666,DEL,IXC,108
2667,VNS,HYD,101
2668,LKO,GOI,59
2669,IXB,GOI,105
2670,PNQ,JAI,90
2671,PAT,CCU,15
2672,IXB,GOI,34
2673,PNQ,DEL,72
2674,HYD,BBI,38
2675,HYD,JAI,38
2676,GAU,COK,2
2677,GAU,MAA,2
2678,BDQ,HYD,12
2679,AMD,GAU,22
2680,PNQ,LKO,67
2681,COK,CCU,116
2682,HYD,IXB,96
2683,PAT,IXC,99
2684,HYD,GOI,23
2685,IXB,CCU,81
2686,BDQ,BBI,41
2687,GOI,IXC,92
2688,JAI,MAA,17
2689,GAU,JAI,55
2690,DEL,GOI,55
2691,IXB,SXR,105
2692,IXC,BLR,16
2693,PNQ,IXC,35
2694,GOI,SXR,55
2695,GAU,JAI,43
2696,AMD,SXR,78
2697,GAU,BLR,103
2698,LKO,PNQ,73
2699,DEL,BDQ,77
2700,BDQ,DEL,112
2701,BLR,PAT,49
2702,JAI,PNQ,104
2703,BBI,LKO,12
2704,COK,PAT,17
2705,GAU,JAI,82
2706,BOM,BBI,82
2707,BDQ,BOM,12
2708,BOM,PAT,53
2709,BBI,MAA,45
2710,SXR,CCU,39
2711,JAI,LKO,79
2712,LKO,CCU,21
2713,AMD,VNS,22
2714,BDQ,GOI,100
2715,BLR,CCU,36
2716,PAT,BBI,33
2717,GOI,BDQ,119
2718,PAT,JAI,38
2719,IXC,IXB,98
2720,JAI,AMD,6
2721,COK,LKO,105
2722,JAI,BLR,50
2723,HYD,SXR,77
2724,COK,VNS,0
2725,GAU,LKO,108
2726,BBI,LKO,105
2727,HYD,PAT,13
2728,DEL,BOM,107
2729,JAI,GAU,55
2730,LKO,AMD,61
2731,CCU,JAI,108
2732,BOM,GAU,75
2733,SXR,IXC,62
2734,BOM,LKO,120
2735,VNS,MAA,70
2736,GAU,AMD,78
2737,PNQ,LKO,113
2738,COK,BLR,20
2739,HYD,JAI,98
2740,LKO,MAA,23
2741,HYD,GAU,90
2742,BLR,BDQ,31
2743,VNS,BOM,26
2744,PAT,CCU,55
2745,HYD,BDQ,72
2746,GOI,DEL,38
2747,LKO,GOI,105
2748,LKO,GOI,51
2749,DEL,MAA,11
2750,BDQ,AMD,55
2751,PAT,VNS,37
2752,GOI,LKO,27
2753,LKO,PAT,71
2754,IXB,VNS,55
2755,HYD,BBI,14
2756,AMD,PAT,88
2757,BOM,SXR,97
2758,IXB,BBI,25
2759,SXR,DEL,91
2760,PNQ,BDQ,15
2761,GOI,VNS,102
2762,BDQ,IXB,75
2763,IXC,HYD,1
2764,HYD,COK,34
2765,IXC,MAA,18
2766,GAU,DEL,109
2767,GAU,BOM,6
2768,VNS,BBI,60
2769,BBI,GAU,19
2770,BOM,BBI,19
2771,GAU,GOI,80
2772,GOI,BLR,26
2773,HYD,AMD,24
2774,GOI,LKO,8
2775,VNS,BBI,67
2776,IXB,SXR,108
2777,PAT,PNQ,70
2778,BBI,IXC,5
2779,GOI,CCU,87
2780,AMD,CCU,98
2781,IXC,SXR,29
2782,IXC,AMD,6
2783,MAA,BDQ,5
2784,GOI,SXR,45
2785,COK,SXR,0
2786,BDQ,GOI,118
2787,DEL,BBI,23
2788,COK,MAA,80
2789,IXB,BBI,92
2790,BBI,BDQ,108
2791,BBI,PAT,6
2792,HYD,BBI,4
2793,MAA,BOM,42
2794,BOM,PAT,74
2795,IXB,PAT,20
2796,PAT,JAI,89
2797,BLR,CCU,66
2798,BOM,COK,38
2799,BOM,IXB,12
2800,PNQ,BLR,112
2801,IXC,PAT,82
2802,BDQ,PAT,73
2803,BDQ,AMD,57
2804,LKO,BBI,112
2805,BDQ,PNQ,93
2806,GAU,VNS,80
2807,VNS,JAI,21
2808,VNS,MAA,69
2809,DEL,PAT,71
2810,BLR,BOM,80
2811,BBI,COK,13
2812,JAI,GAU,109
2813,VNS,BOM,97
2814,IXB,IXC,31
2815,LKO,BBI,21
2816,HYD,BDQ,47
2817,BDQ,IXB,53
2818,PAT,GOI,113
2819,DEL,MAA,51
2820,CCU,PNQ,117
2821,BOM,BLR,87
2822,COK,PNQ,6
2823,LKO,JAI,23
2824,BDQ,BLR,99
2825,BLR,HYD,2
2826,GAU,BBI,109
2827,PAT,BOM,13
2828,MAA,CCU,54
2829,LKO,PNQ,115
2830,BDQ,BLR,85
2831,JAI,IXB,103
2832,DEL,SXR,31
2833,PAT,LKO,75
2834,GAU,IXB,79
2835,IXC,PNQ,47
2836,GOI,IXC,28
2837,IXC,COK,70
2838,IXB,JAI,110
2839,IXC,BLR,65
2840,MAA,BBI,35
2841,PAT,VNS,67
2842,BOM,PNQ,55
2843,BOM,COK,41
2844,HYD,BDQ,52
2845,LKO,VNS,93
2846,HYD,BBI,45
2847,PAT,MAA,75
2848,HYD,BBI,102
2849,HYD,CCU,103
2850,JAI,PNQ,52
2851,CCU,BDQ,46
2852,BOM,COK,20
2853,BDQ,LKO,98
2854,MAA,GAU,88
2855,SXR,IXC,98
2856,BOM,PNQ,35
2857,DEL,PNQ,3
2858,SXR,PNQ,41
2859,BLR,COK,86
2860,SXR,GOI,65
2861,BLR,IXB,9
2862,PAT,CCU,30
2863,HYD,PNQ,87
2864,AMD,IXB,70
2865,MAA,BDQ,43
2866,BLR,CCU,88
2867,COK,JAI,80
2868,VNS,BBI,86
2869,PAT,HYD,0
2870,VNS,HYD,103
2871,BLR,VNS,54
2872,COK,PAT,61
2873,MAA,PNQ,69
2874,SXR,COK,44
2875,LKO,IXC,42
2876,BDQ,IXB,24
2877,GOI,LKO,10
2878,GOI,LKO,53
2879,IXB,JAI,117
2880,MAA,PAT,45
2881,VNS,HYD,6
2882,IXC,PNQ,65
2883,BBI,IXC,81
2884,CCU,VNS,36
2885,BBI,LKO,51
2886,CCU,JAI,104
2887,LKO,GAU,68
2888,PAT,GAU,33
2889,DEL,LKO,56
2890,MAA,DEL,2
2891,BDQ,SXR,42
2892,DEL,LKO,79
2893,COK,BLR,119
2894,BLR,MAA,94
2895,CCU,LKO,29
2896,GOI,BDQ,103
2897,PAT,PNQ,68
2898,PAT,AMD,3
2899,VNS,DEL,11
2900,COK,BOM,52
2901,MAA,COK,41
2902,BOM,JAI,2
2903,HYD,BDQ,98
2904,LKO,IXB,30
2905,BDQ,BLR,23
2906,BDQ,VNS,49
2907,BLR,VNS,51
2908,BLR,BDQ,22
2909,GAU,GOI,99
2910,IXC,COK,4
2911,LKO,BLR,90
2912,IXB,SXR,101
2913,BBI,PNQ,66
2914,AMD,DEL,38
2915,BBI,HYD,2
2916,VNS,PNQ,15
2917,IXB,BBI,67
2918,BLR,IXC,103
2919,JAI,BLR,92
2920,MAA,GOI,26
2921,BOM,GAU,73
2922,DEL,BOM,82
2923,SXR,JAI,7
2924,GAU,PNQ,48
2925,CCU,SXR,40
2926,IXC,PAT,100
2927,BOM,COK,87
2928,BLR,IXC,18
2929,MAA,SXR,42
2930,COK,BOM,13
2931,AMD,COK,119
2932,PAT,IXC,53
2933,COK,AMD,42
2934,VNS,LKO,95
2935,GOI,GAU,4
2936,AMD,DEL,9
2937,PNQ,IXB,12
2938,JAI,BBI,119
2939,BLR,LKO,41
2940,BOM,CCU,5
2941,MAA,LKO,27
2942,GOI,PAT,85
2943,LKO,GOI,96
2944,SXR,COK,23
2945,CCU,HYD,74
2946,HYD,IXC,67
2947,PNQ,VNS,93
2948,BOM,JAI,22
2949,AMD,PNQ,61
2950,PNQ,BLR,69
2951,AMD,PNQ,102
2952,VNS,PNQ,107
2953,BDQ,GOI,90
2954,COK,JAI,105
2955,MAA,IXB,50
2956,CCU,LKO,61
2957,PAT,CCU,2
2958,PAT,DEL,96
2959,COK,AMD,50
2960,HYD,VNS,17
2961,MAA,GAU,116
2962,GOI,BDQ,110
2963,GAU,BDQ,66
2964,CCU,GOI,69
2965,CCU,BDQ,97
2966,IXB,VNS,113
2967,IXB,VNS,94
2968,BLR,BBI,71
2969,PNQ,VNS,43
2970,HYD,DEL,44
2971,SXR,JAI,35
2972,CCU,JAI,111
2973,DEL,BLR,90
2974,PNQ,CCU,41
2975,AMD,BDQ,31
2976,LKO,GAU,95
2977,SXR,IXC,113
2978,CCU,AMD,35
2979,PAT,GOI,7
2980,MAA,CCU,12
2981,DEL,SXR,14
2982,GAU,LKO,80
2983,IXC,BDQ,51
2984,IXC,BDQ,67
2985,PNQ,VNS,115
2986,SXR,GOI,75
2987,VNS,BBI,111
2988,GAU,COK,68
2989,GAU,GOI,116
2990,SXR,PNQ,61
2991,BOM,BLR,15
2992,JAI,CCU,49
2993,COK,GOI,84
2994,SXR,GOI,6
2995,PAT,IXB,115
2996,AMD,GOI,75
2997,LKO,GOI,74
2998,PNQ,GAU,84
2999,JAI,IXB,92
3000,LKO,IXB,22
3001,LKO,CCU,45
3002,BLR,JAI,29
3003,DEL,PNQ,80
3004,GOI,SXR,10
3005,GAU,IXC,66
3006,IXC,GAU,80
3007,JAI,AMD,72
3008,COK,PNQ,11
3009,MAA,VNS,50
3010,JAI,GOI,42
3011,IXC,BOM,102
3012,PNQ,IXB,101
3013,BOM,AMD,51
3014,MAA,PNQ,94
3015,MAA,COK,92
3016,IXC,PAT,94
3017,AMD,MAA,11
3018,DEL,BOM,98
3019,PNQ,IXC,90
3020,COK,BBI,69
3021,AMD,GAU,54
3022,COK,BBI,0
3023,CCU,PNQ,33
3024,DEL,LKO,46
3025,LKO,PAT,8
3026,BBI,PNQ,13
3027,SXR,PNQ,44
3028,PNQ,MAA,93
3029,IXB,BBI,102
3030,IXC,SXR,29
3031,BBI,MAA,92
3032,GAU,HYD,91
3033,BDQ,SXR,35
3034,CCU,SXR,31
3035,MAA,AMD,102
3036,HYD,MAA,37
3037,BBI,BDQ,119
3038,JAI,BOM,56
3039,MAA,JAI,23
3040,BLR,IXC,106
3041,PAT,HYD,70
3042,BLR,SXR,65
3043,HYD,JAI,51
3044,IXB,GOI,97
3045,COK,LKO,86
3046,DEL,BLR,43
3047,PAT,SXR,64
3048,DEL,VNS,74
3049,VNS,DEL,81
3050,VNS,SXR,50
3051,MAA,SXR,11
3052,SXR,PAT,113
3053,HYD,BOM,51
3054,AMD,COK,96
3055,IXC,VNS,92
3056,BBI,JAI,23
3057,BOM,HYD,17
3058,IXB,BDQ,102
3059,BOM,BLR,48
3060,GOI,COK,35
3061,VNS,GOI,47
3062,IXB,JAI,113
3063,SXR,BLR,117
3064,BBI,HYD,73
3065,CCU,DEL,74
3066,AMD,LKO,116
3067,CCU,LKO,106
3068,MAA,IXC,24
3069,PAT,BLR,54
3070,IXC,VNS,41
3071,AMD,PNQ,0
3072,CCU,COK,65
3073,BOM,COK,78
3074,LKO,COK,27
3075,LKO,PAT,88
3076,PNQ,MAA,77
3077,JAI,LKO,97
3078,BLR,PAT,75
3079,BLR,HYD,55
3080,BBI,IXB,114
3081,CCU,PAT,21
3082,HYD,IXB,48
3083,CCU,BLR,7
3084,BLR,SXR,85
3085,DEL,GAU,5
3086,IXC,GAU,1
3087,BOM,BDQ,90
3088,SXR,PNQ,38
3089,MAA,CCU,80
3090,PAT,SXR,63
3091,IXC,MAA,60
3092,CCU,LKO,64
3093,COK,DEL,4
3094,COK,DEL,92
3095,COK,IXB,35
3096,IXC,BDQ,60
3097,HYD,BDQ,15
3098,BLR,MAA,27
3099,BLR,IXB,18
3100,GOI,IXB,71
3101,IXB,CCU,8
3102,IXB,JAI,69
3103,BDQ,LKO,63
3104,HYD,PNQ,110
3105,PNQ,JAI,46
3106,AMD,JAI,0
3107,SXR,HYD,63
3108,LKO,IXB,38
3109,HYD,VNS,69
3110,COK,PNQ,89
3111,COK,PAT,103
3112,IXB,BDQ,89
3113,COK,BLR,51
3114,CCU,BBI,28
3115,PNQ,BOM,81
3116,SXR,PAT,56
3117,GAU,JAI,42
3118,DEL,IXB,27
3119,AMD,COK,4
3120,DEL,PNQ,26
3121,BLR,IXC,19
3122,PNQ,BBI,23
3123,BBI,BOM,61
3124,PAT,IXC,30
3125,BBI,VNS,50
3126,DEL,BBI,60
3127,VNS,PAT,15
3128,CCU,PAT,15
3129,IXC,JAI,37
3130,PNQ,SXR,27
3131,HYD,BOM,99
3132,BOM,SXR,26
3133,AMD,GAU,114
3134,BOM,BDQ,16
3135,IXC,HYD,106
3136,PNQ,IXB,34
3137,IXB,AMD,95
3138,COK,SXR,66
3139,AMD,BDQ,116
3140,GOI,PNQ,18
3141,IXC,IXB,69
3142,AMD,HYD,119
3143,BBI,GAU,9
3144,BOM,COK,58
3145,JAI,DEL,116
3146,MAA,JAI,89
3147,PNQ,SXR,105
3148,AMD,SXR,39
3149,MAA,BBI,12
3150,MAA,GAU,20
3151,LKO,SXR,104
3152,BDQ,DEL,84
3153,LKO,HYD,109
3154,VNS,BLR,46
3155,BLR,DEL,52
3156,BOM,VNS,17
3157,BBI,GOI,31
3158,BDQ,PAT,48
3159,GOI,BDQ,12
3160,LKO,CCU,72
3161,IXC,BDQ,0
3162,VNS,BBI,43
3163,AMD,SXR,87
3164,BOM,BDQ,36
3165,PNQ,AMD,63
3166,DEL,MAA,8
3167,LKO,BOM,72
3168,COK,GAU,49
3169,BDQ,BBI,33
3170,SXR,BDQ,46
3171,GOI,JAI,22
3172,MAA,GAU,49
3173,BDQ,PAT,86
3174,GAU,IXB,3
3175,SXR,MAA,97
3176,DEL,MAA,109
3177,IXC,CCU,77
3178,PNQ,DEL,26
3179,IXB,IXC,26
3180,GOI,GAU,95
3181,BLR,DEL,119
3182,PAT,IXB,83
3183,AMD,IXC,114
3184,COK,BOM,82
3185,IXB,PNQ,76
3186,PAT,SXR,98
3187,CCU,AMD,85
3188,CCU,BDQ,82
3189,DEL,PNQ,95
3190,COK,IXB,20
3191,GAU,VNS,39
3192,PAT,DEL,25
3193,BBI,BDQ,45
3194,JAI,GAU,43
3195,COK,GAU,45
3196,CCU,IXC,46
3197,GAU,SXR,42
3198,BOM,IXC,117
3199,BOM,SXR,90
3200,MAA,AMD,120
3201,PNQ,JAI,64
3202,PAT,VNS,41
3203,IXB,AMD,67
3204,GAU,DEL,119
3205,BBI,GAU,89
3206,BOM,IXB,35
3207,IXC,IXB,98
3208,BBI,PAT,113
3209,CCU,SXR,19
3210,BBI,DEL,21
3211,MAA,LKO,81
3212,DEL,BDQ,103
3213,BBI,JAI,12
3214,PNQ,AMD,30
3215,BBI,BDQ,61
3216,BDQ,PNQ,96
3217,IXC,PNQ,59
3218,COK,PAT,43
3219,JAI,GOI,55
3220,BOM,PNQ,15
3221,MAA,LKO,58
3222,IXC,SXR,33
3223,PAT,SXR,1
3224,BOM,CCU,112
3225,BBI,IXB,63
3226,IXC,IXB,96
3227,DEL,PAT,48
3228,BOM,DEL,40
3229,JAI,GOI,113
3230,HYD,SXR,93
3231,MAA,SXR,35
3232,AMD,SXR,11
3233,HYD,MAA,9
3234,PNQ,BLR,55
3235,IXB,BDQ,72
3236,DEL,IXC,71
3237,GOI,GAU,91
3238,BOM,PAT,119
3239,SXR,GOI,75
3240,JAI,PNQ,83
3241,IXB,AMD,58
3242,AMD,PAT,3
3243,GAU,PNQ,19
3244,CCU,SXR,82
3245,DEL,AMD,24
3246,PNQ,DEL,6
3247,GOI,GAU,74
3248,BLR,HYD,21
3249,GOI,COK,116
3250,SXR,PAT,53
3251,IXC,IXB,44
3252,BOM,VNS,9
3253,PNQ,BBI,48
3254,SXR,PNQ,95
3255,PAT,IXC,1
3256,HYD,PAT,59
3257,AMD,BLR,100
3258,AMD,MAA,52
3259,PNQ,CCU,97
3260,PAT,DEL,74
3261,AMD,BLR,120
3262,BBI,SXR,46
3263,CCU,BOM,32
3264,COK,AMD,78
3265,DEL,COK,90
3266,PAT,LKO,18
3267,LKO,IXC,23
3268,PNQ,BOM,77
3269,HYD,BDQ,26
3270,IXB,CCU,51
3271,DEL,SXR,3
3272,AMD,BOM,49
3273,SXR,IXB,91
3274,PNQ,IXC,55
3275,LKO,COK,10
3276,SXR,IXB,9
3277,BLR,GOI,13
3278,IXB,PNQ,35
3279,PAT,AMD,78
3280,HYD,IXC,70
3281,LKO,IXC,120
3282,PNQ,CCU,75
3283,AMD,CCU,66
3284,HYD,BBI,42
3285,IXC,JAI,73
3286,HYD,JAI,117
3287,BDQ,MAA,84
3288,BLR,BDQ,94
3289,LKO,JAI,52
3290,DEL,COK,72
3291,LKO,BOM,58
3292,BDQ,GAU,55
3293,PNQ,PAT,56
3294,DEL,PNQ,25
3295,CCU,DEL,74
3296,CCU,PNQ,48
3297,IXB,PNQ,79
3298,VNS,BOM,50
3299,CCU,BBI,28
3300,COK,PAT,81
3301,GOI,COK,5
3302,VNS,JAI,82
3303,GOI,PAT,77
3304,GAU,IXC,57
3305,COK,DEL,81
3306,VNS,AMD,92
3307,BDQ,GAU,88
3308,BLR,COK,47
3309,PNQ,GOI,13
3310,JAI,BDQ,75
3311,GOI,DEL,59
3312,BOM,IXC,17
3313,SXR,BDQ,38
3314,GOI,SXR,50
3315,BLR,GAU,104
3316,MAA,VNS,38
3317,DEL,GOI,56
3318,BOM,JAI,114
3319,CCU,LKO,20
3320,PNQ,JAI,90
3321,DEL,GAU,34
3322,PAT,HYD,67
3323,PAT,HYD,56
3324,IXC,VNS,55
3325,BLR,IXC,50
3326,GAU,IXC,48
3327,BLR,GOI,116
3328,COK,JAI,113
3329,BDQ,GOI,12
3330,PAT,JAI,62
3331,BLR,IXC,59
3332,CCU,PAT,8
3333,HYD,CCU,81
3334,IXB,COK,52
3335,IXC,AMD,22
3336,BDQ,HYD,48
3337,HYD,IXB,76
3338,BBI,LKO,108
3339,HYD,DEL,90
3340,IXB,PAT,28
3341,CCU,IXB,61
3342,BDQ,VNS,40
3343,DEL,AMD,42
3344,PNQ,LKO,15
3345,IXC,HYD,75
3346,LKO,BLR,43
3347,IXC,PNQ,109
3348,DEL,IXB,83
3349,PAT,SXR,76
3350,LKO,IXB,114
3351,PNQ,JAI,69
3352,GOI,PNQ,91
3353,DEL,GAU,35
3354,BBI,CCU,1
3355,VNS,CCU,13
3356,VNS,BDQ,13
3357,AMD,IXC,47
3358,BOM,HYD,43
3359,DEL,BOM,28
3360,BLR,PAT,82
3361,COK,GOI,73
3362,SXR,LKO,18
3363,SXR,GOI,22
3364,LKO,BLR,68
3365,GAU,SXR,114
3366,BDQ,CCU,119
3367,PAT,BDQ,56
3368,GOI,SXR,43
3369,IXB,COK,67
3370,GAU,HYD,112
3371,IXC,COK,0
3372,IXB,SXR,75
3373,IXC,GAU,79
3374,VNS,COK,92
3375,IXB,BDQ,77
3376,GAU,JAI,80
3377,GOI,GAU,2
3378,BOM,IXB,37
3379,IXC,DEL,4
3380,LKO,MAA,9
3381,BDQ,GAU,52
3382,CCU,BDQ,86
3383,GAU,LKO,32
3384,GOI,PAT,64
3385,PNQ,AMD,20
3386,IXB,AMD,119
3387,LKO,JAI,16
3388,DEL,BBI,113
3389,MAA,HYD,39
3390,IXC,VNS,29
3391,LKO,GAU,21
3392,IXC,GAU,51
3393,LKO,BOM,12
3394,AMD,PNQ,107
3395,DEL,PNQ,24
3396,PAT,BLR,73
3397,IXB,COK,6
3398,PNQ,BBI,85
3399,IXC,SXR,18
3400,IXB,HYD,84
3401,COK,BBI,7
3402,GOI,PNQ,62
3403,COK,DEL,95
3404,VNS,LKO,76
3405,BBI,BDQ,44
3406,COK,CCU,38
3407,BOM,PNQ,60
3408,IXB,BOM,81
3409,BBI,PNQ,117
3410,IXC,BDQ,50
3411,LKO,BOM,108
3412,PNQ,MAA,111
3413,MAA,CCU,6
3414,PNQ,JAI,67
3415,CCU,AMD,17
3416,GAU,BOM,30
3417,BBI,IXC,53
3418,SXR,GOI,0
3419,HYD,AMD,47
3420,COK,AMD,81
3421,BBI,BDQ,92
3422,VNS,JAI,40
3423,COK,PAT,79
3424,COK,GOI,110
3425,LKO,MAA,66
3426,LKO,SXR,118
3427,AMD,LKO,109
3428,LKO,SXR,45
3429,CCU,IXB,88
3430,MAA,GOI,48
3431,MAA,GAU,44
3432,BDQ,BLR,26
3433,SXR,MAA,107
3434,SXR,GOI,37
3435,DEL,IXB,117
3436,JAI,BDQ,96
3437,JAI,HYD,43
3438,IXB,HYD,24
3439,GAU,COK,7
3440,PNQ,GOI,36
3441,GAU,SXR,83
3442,BOM,BDQ,86
3443,GAU,BOM,27
3444,AMD,HYD,76
3445,PAT,BBI,113
3446,COK,BDQ,48
3447,BLR,MAA,67
3448,BLR,CCU,99
3449,BDQ,BOM,77
3450,VNS,LKO,14
3451,GOI,AMD,116
3452,BBI,PAT,58
3453,IXC,JAI,48
3454,MAA,VNS,61
3455,JAI,GAU,109
3456,GOI,CCU,30
3457,PNQ,JAI,60
3458,PAT,CCU,85
3459,PAT,HYD,114
3460,IXC,BDQ,85
3461,HYD,SXR,76
3462,VNS,HYD,15
3463,DEL,BLR,46
3464,BLR,BBI,101
3465,BLR,PAT,50
3466,CCU,JAI,96
3467,BBI,DEL,75
3468,GAU,VNS,70
3469,CCU,PNQ,43
3470,MAA,BBI,72
3471,BLR,BBI,101
3472,DEL,MAA,67
3473,PNQ,GAU,67
3474,PNQ,IXB,6
3475,LKO,SXR,49
3476,CCU,BOM,7
3477,JAI,COK,93
3478,GOI,IXB,46
3479,VNS,SXR,119
3480,AMD,JAI,102
3481,GOI,BOM,118
3482,CCU,COK,3
3483,PAT,SXR,70
3484,IXC,AMD,11
3485,BOM,AMD,94
3486,GOI,GAU,56
3487,COK,MAA,43
3488,AMD,MAA,15
3489,BBI,IXC,94
3490,SXR,LKO,28
3491,JAI,HYD,108
3492,COK,PNQ,37
3493,BLR,CCU,100
3494,IXB,LKO,74
3495,VNS,SXR,23
3496,IXC,MAA,115
3497,LKO,BLR,53
3498,BLR,VNS,108
3499,GAU,BOM,87
3500,COK,BBI,77
3501,IXB,PAT,97
3502,DEL,MAA,98
3503,LKO,SXR,42
3504,PAT,MAA,8
3505,VNS,IXB,36
3506,IXC,LKO,79
3507,GOI,BLR,118
3508,SXR,HYD,74
3509,CCU,VNS,115
3510,CCU,PAT,46
3511,AMD,HYD,62
3512,AMD,CCU,10
3513,JAI,MAA,36
3514,JAI,LKO,61
3515,DEL,COK,92
3516,AMD,CCU,25
3517,SXR,VNS,112
3518,SXR,BBI,68
3519,CCU,SXR,35
3520,PAT,JAI,44
3521,COK,MAA,111
3522,SXR,BDQ,36
3523,MAA,PNQ,120
3524,GOI,COK,110
3525,VNS,LKO,31
3526,BBI,IXB,66
3527,HYD,SXR,99
3528,CCU,VNS,18
3529,PAT,MAA,101
3530,LKO,DEL,89
3531,PNQ,COK,106
3532,IXB,BBI,2
3533,GOI,CCU,49
3534,GOI,JAI,34
3535,IXC,BBI,18
3536,BLR,GOI,84
3537,PNQ,BLR,99
3538,DEL,GAU,116
3539,IXC,COK,110
3540,GAU,IXC,97
3541,COK,BOM,64
3542,IXC,SXR,98
3543,VNS,BOM,21
3544,PAT,IXB,22
3545,AMD,BLR,9
3546,PAT,HYD,109
3547,VNS,BLR,60
3548,AMD,GOI,20
3549,MAA,BLR,95
3550,PNQ,COK,106
3551,JAI,IXC,27
3552,PNQ,JAI,0
3553,IXB,GAU,15
3554,HYD,MAA,68
3555,PNQ,GAU,66
3556,IXB,COK,62
3557,IXB,COK,58
3558,GOI,GAU,33
3559,AMD,GOI,40
3560,JAI,SXR,60
3561,LKO,BLR,47
3562,MAA,LKO,10
3563,BLR,JAI,15
3564,IXB,BOM,79
3565,JAI,COK,14
3566,VNS,CCU,38
3567,CCU,JAI,118
3568,BBI,BDQ,48
3569,GAU,PAT,14
3570,BOM,PAT,48
3571,BOM,VNS,2
3572,JAI,MAA,106
3573,DEL,PAT,50
3574,MAA,BOM,102
3575,VNS,MAA,78
3576,AMD,HYD,12
3577,JAI,CCU,18
3578,PNQ,SXR,24
3579,AMD,PAT,73
3580,AMD,PAT,33
3581,IXB,IXC,78
3582,GOI,COK,60
3583,BOM,VNS,100
3584,GAU,AMD,41
3585,PAT,DEL,29
3586,JAI,DEL,11
3587,BLR,PAT,98
3588,PAT,GOI,26
3589,COK,LKO,47
3590,IXB,AMD,101
3591,BDQ,DEL,9
3592,IXB,COK,22
3593,DEL,SXR,4
3594,JAI,MAA,77
3595,VNS,LKO,85
3596,PNQ,GAU,66
3597,BDQ,COK,84
3598,IXC,LKO,26
3599,LKO,JAI,73
3600,PAT,LKO,110
3601,HYD,MAA,17
3602,PAT,BDQ,72
3603,LKO,PNQ,89
3604,BBI,IXC,104
3605,PNQ,JAI,17
3606,PAT,GOI,100
3607,IXC,BOM,95
3608,GOI,AMD,101
3609,LKO,BOM,40
3610,GOI,PNQ,53
3611,BOM,COK,51
3612,PAT,COK,18
3613,SXR,BDQ,119
3614,BLR,LKO,114
3615,BOM,CCU,103
3616,CCU,DEL,90
3617,PAT,CCU,27
3618,SXR,GOI,36
3619,BOM,HYD,63
3620,VNS,BOM,71
3621,JAI,LKO,93
3622,CCU,MAA,101
3623,LKO,VNS,38
3624,PNQ,PAT,87
3625,DEL,LKO,7
3626,MAA,IXB,66
3627,MAA,SXR,60
3628,COK,AMD,4
3629,HYD,LKO,100
3630,PNQ,GAU,118
3631,IXB,COK,96
3632,JAI,BBI,56
3633,BLR,DEL,94
3634,MAA,LKO,99
3635,GAU,BLR,44
3636,LKO,CCU,36
3637,GOI,BBI,111
3638,MAA,IXB,42
3639,VNS,COK,106
3640,VNS,CCU,72
3641,IXB,GAU,4
3642,LKO,HYD,26
3643,AMD,PNQ,80
3644,COK,VNS,104
3645,AMD,MAA,99
3646,CCU,SXR,69
3647,BLR,MAA,43
3648,IXC,JAI,71
3649,IXB,LKO,33
3650,JAI,BDQ,11
3651,DEL,BLR,48
3652,BBI,HYD,39
3653,VNS,CCU,20
3654,LKO,BDQ,47
3655,CCU,IXB,67
3656,SXR,JAI,22
3657,BDQ,BLR,88
3658,HYD,GOI,20
3659,HYD,BDQ,48
3660,BDQ,CCU,80
3661,IXC,SXR,38
3662,PAT,IXB,91
3663,GOI,IXB,55
3664,JAI,BBI,120
3665,BDQ,GOI,42
3666,HYD,DEL,48
3667,JAI,IXB,51
3668,BBI,VNS,73
3669,JAI,PAT,48
3670,BBI,JAI,11
3671,HYD,VNS,97
3672,VNS,BOM,57
3673,CCU,VNS,108
3674,MAA,JAI,35
3675,PAT,PNQ,61
3676,IXC,SXR,118
3677,AMD,PNQ,92
3678,VNS,MAA,19
3679,GOI,IXC,81
3680,LKO,CCU,76
3681,BLR,MAA,3
3682,BOM,BBI,63
3683,GOI,PAT,89
3684,HYD,GOI,34
3685,SXR,COK,56
3686,GOI,COK,73
3687,CCU,VNS,117
3688,SXR,GAU,97
3689,PAT,GOI,38
3690,BDQ,BBI,93
3691,PNQ,GAU,51
3692,CCU,DEL,57
3693,GAU,COK,4
3694,DEL,VNS,98
3695,COK,LKO,82
3696,VNS,BBI,25
3697,VNS,IXC,8
3698,GOI,PNQ,25
3699,VNS,COK,30
3700,BOM,BBI,102
3701,AMD,BLR,28
3702,BDQ,PNQ,28
3703,JAI,CCU,60
3704,DEL,BLR,110
3705,BLR,GOI,51
3706,AMD,CCU,62
3707,GOI,LKO,49
3708,GAU,BLR,115
3709,PNQ,CCU,39
3710,IXB,GOI,119
3711,PNQ,PAT,59
3712,BLR,PNQ,2
3713,PAT,LKO,12
3714,GAU,PNQ,12
3715,SXR,JAI,119
3716,GOI,AMD,5
3717,GAU,CCU,5
3718,BBI,COK,63
3719,SXR,BBI,10
3720,BLR,VNS,49
3721,CCU,JAI,54
3722,CCU,PNQ,75
3723,IXB,HYD,10
3724,HYD,BOM,116
3725,AMD,PAT,13
3726,PAT,IXC,80
3727,HYD,BOM,35
3728,IXC,VNS,35
3729,GAU,LKO,74
3730,BDQ,HYD,15
3731,MAA,GAU,55
3732,JAI,CCU,51
3733,COK,BLR,89
3734,SXR,PAT,59
3735,GOI,SXR,61
3736,PNQ,DEL,84
3737,GOI,LKO,110
3738,COK,PNQ,118
3739,BOM,SXR,90
3740,BOM,IXC,108
3741,BBI,BLR,16
3742,BBI,AMD,4
3743,HYD,VNS,33
3744,BDQ,PNQ,19
3745,COK,VNS,8
3746,AMD,COK,52
3747,SXR,DEL,59
3748,VNS,BBI,65
3749,GAU,GOI,21
3750,JAI,PNQ,96
3751,SXR,LKO,93
3752,PNQ,BLR,22
3753,BDQ,BLR,14
3754,BDQ,DEL,101
3755,BLR,AMD,15
3756,GOI,DEL,18
3757,LKO,DEL,65
3758,CCU,MAA,3
3759,VNS,COK,58
3760,SXR,DEL,23
3761,HYD,COK,111
3762,COK,CCU,94
3763,PNQ,BOM,53
3764,DEL,IXB,73
3765,SXR,MAA,98
3766,BLR,DEL,107
3767,HYD,COK,92
3768,JAI,IXB,36
3769,PAT,JAI,32
3770,BLR,PNQ,49
3771,PAT,MAA,76
3772,IXC,CCU,20
3773,JAI,PAT,68
3774,BLR,PAT,98
3775,CCU,DEL,65
3776,BOM,IXC,83
3777,BBI,HYD,79
3778,JAI,PAT,84
3779,BDQ,SXR,59
3780,DEL,BOM,45
3781,PAT,IXB,92
3782,VNS,GAU,28
3783,AMD,GAU,77
3784,MAA,GOI,76
3785,LKO,BLR,82
3786,AMD,BLR,80
3787,IXC,BBI,89
3788,GOI,DEL,86
3789,HYD,IXC,18
3790,DEL,LKO,120
3791,JAI,DEL,8
3792,BBI,PAT,33
3793,GAU,BBI,9
3794,BDQ,IXC,48
3795,LKO,GOI,79
3796,VNS,PAT,62
3797,VNS,BBI,91
3798,VNS,AMD,11
3799,CCU,AMD,118
3800,COK,SXR,91
3801,COK,DEL,17
3802,SXR,BOM,113
3803,GAU,DEL,83
3804,AMD,IXB,91
3805,BBI,BDQ,6
3806,SXR,MAA,75
3807,SXR,BOM,8
3808,AMD,PNQ,81
3809,BBI,COK,71
3810,PAT,SXR,1
3811,PNQ,JAI,28
3812,DEL,COK,1
3813,BDQ,PAT,101
3814,VNS,BOM,115
3815,BDQ,BLR,61
3816,BBI,HYD,56
3817,JAI,BOM,27
3818,AMD,LKO,107
3819,BBI,GAU,79
3820,IXC,GAU,10
3821,GOI,SXR,67
3822,IXB,JAI,6
3823,CCU,VNS,52
3824,COK,DEL,113
3825,JAI,IXB,60
3826,GAU,AMD,11
3827,COK,PAT,43
3828,BBI,VNS,40
3829,COK,BDQ,32
3830,PAT,COK,114
3831,GOI,COK,26
3832,BDQ,PAT,65
3833,BLR,BBI,18
3834,BBI,CCU,111
3835,SXR,GAU,120
3836,BLR,VNS,4
3837,IXC,BOM,55
3838,HYD,BBI,102
3839,BBI,DEL,113
3840,SXR,GOI,72
3841,JAI,PAT,116
3842,IXB,DEL,30
3843,PNQ,PAT,89
3844,BDQ,SXR,6
3845,CCU,PAT,18
3846,PAT,LKO,64
3847,BLR,SXR,25
3848,HYD,CCU,114
3849,VNS,MAA,37
3850,IXC,MAA,104
3851,CCU,PAT,39
3852,IXC,DEL,65
3853,BLR,MAA,80
3854,IXB,GAU,115
3855,COK,BBI,113
3856,MAA,GOI,90
3857,BDQ,SXR,120
3858,CCU,HYD,8
3859,GAU,IXC,35
3860,GOI,COK,38
3861,LKO,SXR,50
3862,BDQ,JAI,59
3863,DEL,CCU,0
3864,HYD,PAT,36
3865,GOI,BBI,85
3866,IXB,DEL,8
3867,GAU,GOI,99
3868,BLR,DEL,99
3869,BOM,BDQ,67
3870,BLR,SXR,42
3871,COK,PNQ,71
3872,IXC,JAI,75
3873,LKO,PNQ,28
3874,PNQ,CCU,48
3875,GAU,IXC,54
3876,COK,PAT,33
3877,IXB,HYD,33
3878,BLR,GAU,71
3879,AMD,PAT,7
3880,BLR,HYD,5
3881,GAU,PAT,93
3882,GAU,IXC,4
3883,HYD,COK,62
3884,CCU,VNS,82
3885,IXB,CCU,96
3886,GAU,SXR,57
3887,BDQ,SXR,66
3888,GOI,SXR,59
3889,COK,SXR,115
3890,BOM,VNS,94
3891,IXC,IXB,58
3892,LKO,IXB,30
3893,LKO,CCU,92
3894,COK,BDQ,61
3895,BLR,PNQ,7
3896,IXC,BLR,32
3897,IXB,IXC,61
3898,AMD,VNS,71
3899,BBI,CCU,63
3900,MAA,LKO,119
3901,BOM,MAA,32
3902,GOI,BDQ,62
3903,GAU,GOI,61
3904,LKO,GOI,51
3905,VNS,JAI,79
3906,DEL,CCU,43
3907,COK,IXC,111
3908,BBI,MAA,55
3909,GAU,COK,12
3910,JAI,GOI,76
3911,PNQ,LKO,104
3912,BDQ,MAA,101
3913,HYD,COK,28
3914,AMD,SXR,52
3915,CCU,LKO,7
3916,AMD,CCU,45
3917,GOI,BOM,78
3918,BLR,PNQ,40
3919,JAI,BLR,72
3920,BOM,GAU,9
3921,PAT,BOM,32
3922,SXR,AMD,68
3923,IXC,BOM,58
3924,BOM,LKO,25
3925,AMD,GAU,31
3926,SXR,COK,106
3927,BLR,PNQ,28
3928,COK,VNS,28
3929,DEL,SXR,109
3930,BDQ,GAU,23
3931,BDQ,MAA,73
3932,PNQ,AMD,54
3933,HYD,IXB,3
3934,VNS,DEL,106
3935,GOI,BOM,94
3936,VNS,BOM,30
3937,BBI,CCU,4
3938,BBI,SXR,21
3939,BLR,PAT,69
3940,PNQ,CCU,91
3941,AMD,BLR,107
3942,BBI,JAI,28
3943,BOM,IXB,59
3944,BDQ,AMD,114
3945,LKO,BDQ,105
3946,DEL,BOM,55
3947,JAI,GAU,30
3948,PAT,BDQ,71
3949,BOM,IXB,107
3950,HYD,AMD,17
3951,PAT,DEL,90
3952,IXC,LKO,15
3953,MAA,AMD,5
3954,GOI,PAT,111
3955,AMD,PNQ,104
3956,BBI,IXC,107
3957,MAA,PAT,22
3958,GOI,GAU,40
3959,BBI,GAU,43
3960,HYD,IXB,85
3961,IXC,VNS,103
3962,COK,BOM,12
3963,LKO,IXB,45
3964,CCU,DEL,106
3965,BBI,IXB,40
3966,VNS,PNQ,101
3967,COK,IXC,68
3968,BDQ,IXB,99
3969,AMD,LKO,75
3970,LKO,BBI,66
3971,MAA,CCU,65
3972,LKO,VNS,53
3973,AMD,BDQ,30
3974,CCU,IXB,59
3975,DEL,BOM,88
3976,GOI,MAA,65
3977,PNQ,COK,31
3978,GAU,DEL,74
3979,IXB,PAT,54
3980,DEL,PNQ,7
3981,BBI,BOM,120
3982,CCU,COK,43
3983,PAT,HYD,61
3984,DEL,PAT,20
3985,BBI,LKO,2
3986,DEL,COK,22
3987,IXC,AMD,107
3988,BOM,IXB,31
3989,VNS,LKO,10
3990,AMD,BLR,15
3991,BLR,BBI,18
3992,GAU,COK,107
3993,JAI,CCU,21
3994,BDQ,COK,112
3995,IXC,LKO,65
3996,IXB,VNS,55
3997,AMD,COK,106
3998,BLR,DEL,87
3999,VNS,BOM,4
4000,BLR,IXB,111
4001,MAA,JAI,87
4002,CCU,IXC,111
4003,LKO,IXB,74
4004,BLR,JAI,83
4005,JAI,PNQ,85
4006,BLR,JAI,103
4007,BLR,LKO,110
4008,MAA,AMD,50
4009,COK,BDQ,99
4010,LKO,IXB,25
4011,PNQ,AMD,26
4012,COK,DEL,5
4013,PAT,BDQ,69
4014,IXC,COK,81
4015,IXC,CCU,85
4016,LKO,GAU,119
4017,PNQ,VNS,94
4018,GOI,PAT,51
4019,VNS,AMD,16
4020,IXB,HYD,94
4021,PAT,IXB,88
4022,SXR,CCU,94
4023,BLR,BBI,113
4024,VNS,CCU,102
4025,IXC,DEL,67
4026,CCU,LKO,100
4027,LKO,IXC,47
4028,IXC,SXR,19
4029,GOI,VNS,66
4030,LKO,GAU,46
4031,MAA,COK,4
4032,PNQ,VNS,66
4033,COK,BLR,6
4034,IXC,VNS,16
4035,GAU,IXB,93
4036,JAI,SXR,14
4037,SXR,PAT,13
4038,GAU,BBI,27
4039,LKO,BLR,81
4040,MAA,IXB,66
4041,LKO,BLR,11
4042,LKO,IXC,84
4043,CCU,BLR,34
4044,IXC,BBI,33
4045,BBI,LKO,20
4046,HYD,BBI,31
4047,HYD,GOI,27
4048,GOI,SXR,72
4049,GOI,COK,84
4050,PNQ,LKO,89
4051,BOM,COK,118
4052,VNS,BOM,110
4053,BLR,BDQ,16
4054,JAI,IXB,44
4055,COK,BBI,70
4056,CCU,HYD,71
4057,JAI,LKO,37
4058,BLR,BDQ,5
4059,HYD,BOM,54
4060,SXR,MAA,101
4061,BLR,IXC,96
4062,DEL,AMD,8
4063,JAI,LKO,99
4064,BLR,LKO,108
4065,IXB,PAT,13
4066,DEL,CCU,119
4067,BBI,AMD,104
4068,IXC,IXB,115
4069,AMD,JAI,58
4070,PNQ,AMD,19
4071,IXC,BBI,57
4072,LKO,BOM,30
4073,SXR,AMD,99
4074,SXR,BOM,92
4075,MAA,BDQ,38
4076,GOI,COK,12
4077,BLR,AMD,4
4078,MAA,VNS,88
4079,BDQ,COK,53
4080,GOI,BDQ,16
4081,JAI,BOM,47
4082,AMD,COK,58
4083,COK,LKO,0
4084,BDQ,DEL,64
4085,COK,BLR,0
4086,DEL,MAA,43
4087,BOM,HYD,14
4088,PNQ,CCU,116
4089,GOI,LKO,13
4090,IXC,IXB,4
4091,IXC,PNQ,50
4092,IXC,LKO,118
4093,VNS,AMD,13
4094,JAI,IXB,32
4095,IXB,JAI,30
4096,VNS,BLR,109
4097,BLR,BBI,86
4098,SXR,GOI,112
4099,LKO,COK,7
4100,PNQ,LKO,41
4101,BLR,COK,90
4102,PNQ,CCU,22
4103,IXB,PAT,87
4104,CCU,IXB,105
4105,LKO,JAI,2
4106,MAA,PAT,108
4107,GOI,BDQ,93
4108,BDQ,AMD,36
4109,PNQ,CCU,116
4110,BBI,CCU,6
4111,PAT,JAI,38
4112,AMD,VNS,57
4113,CCU,LKO,26
4114,BDQ,JAI,88
4115,COK,BLR,24
4116,DEL,HYD,49
4117,VNS,BBI,8
4118,BDQ,PNQ,13
4119,MAA,BOM,20
4120,BBI,IXB,92
4121,VNS,BLR,105
4122,DEL,LKO,71
4123,IXC,BOM,14
4124,COK,VNS,49
4125,BDQ,PAT,67
4126,CCU,BLR,96
4127,SXR,IXB,6
4128,IXC,DEL,100
4129,PAT,CCU,93
4130,HYD,GOI,96
4131,GAU,BDQ,112
4132,DEL,AMD,67
4133,LKO,JAI,114
4134,BLR,PNQ,93
4135,BLR,MAA,106
4136,JAI,BBI,19
4137,LKO,HYD,38
4138,HYD,JAI,20
4139,VNS,BLR,64
4140,BDQ,IXC,83
4141,CCU,MAA,32
4142,PNQ,COK,20
4143,GAU,IXB,44
4144,GOI,DEL,61
4145,AMD,MAA,33
4146,DEL,GOI,45
4147,LKO,IXB,87
4148,BOM,CCU,65
4149,GAU,BDQ,98
4150,JAI,SXR,54
4151,LKO,BBI,4
4152,PAT,BLR,57
4153,BBI,AMD,55
4154,PAT,HYD,95
4155,BOM,SXR,79
4156,IXC,DEL,1
4157,BDQ,SXR,15
4158,IXB,CCU,39
4159,CCU,GOI,86
4160,BDQ,GAU,40
4161,CCU,GOI,41
4162,PNQ,COK,83
4163,IXC,IXB,104
4164,PAT,COK,29
4165,DEL,BBI,50
4166,COK,IXC,118
4167,BBI,GOI,86
4168,GOI,PAT,41
4169,COK,IXC,45
4170,LKO,HYD,83
4171,GAU,SXR,86
4172,LKO,DEL,80
4173,BLR,LKO,34
4174,CCU,BOM,61
4175,COK,CCU,66
4176,PNQ,IXB,120
4177,GOI,BDQ,62
4178,SXR,HYD,63
4179,BBI,PNQ,23
4180,PNQ,VNS,111
4181,BBI,CCU,74
4182,JAI,CCU,16
4183,PNQ,VNS,35
4184,CCU,BBI,91
4185,HYD,IXC,27
4186,DEL,BLR,107
4187,GOI,VNS,113
4188,PNQ,IXC,61
4189,IXB,CCU,70
4190,BOM,AMD,7
4191,PNQ,GOI,23
4192,BLR,IXC,55
4193,LKO,DEL,3
4194,JAI,PAT,69
4195,LKO,BBI,115
4196,BOM,VNS,13
4197,DEL,BDQ,50
4198,DEL,COK,113
4199,LKO,IXB,48
4200,LKO,BBI,31
4201,GOI,SXR,94
4202,MAA,PAT,48
4203,JAI,LKO,92
4204,PAT,MAA,108
4205,GAU,BDQ,1
4206,CCU,BOM,114
4207,AMD,IXC,108
4208,BLR,LKO,61
4209,GAU,HYD,91
4210,PNQ,LKO,43
4211,IXC,SXR,103
4212,LKO,BOM,82
4213,VNS,BBI,37
4214,JAI,BDQ,84
4215,PNQ,BOM,102
4216,BOM,VNS,112
4217,BLR,BBI,101
4218,LKO,BDQ,80
4219,BOM,BLR,47
4220,COK,BLR,75
4221,IXC,BDQ,104
4222,BOM,PAT,93
4223,DEL,CCU,50
4224,JAI,GOI,105
4225,COK,PAT,24
4226,BBI,IXC,61
4227,IXC,CCU,55
4228,BDQ,GOI,73
4229,JAI,IXC,87
4230,VNS,BDQ,85
4231,BBI,MAA,26
4232,GAU,LKO,52
4233,VNS,GOI,42
4234,CCU,COK,107
4235,SXR,PAT,7
4236,CCU,VNS,69
4237,MAA,GAU,73
4238,BBI,BDQ,118
4239,CCU,IXB,22
4240,IXB,LKO,24
4241,PAT,BDQ,89
4242,MAA,IXB,97
4243,BDQ,CCU,20
4244,IXB,HYD,79
4245,JAI,GOI,11
4246,IXC,BLR,71
4247,CCU,JAI,26
4248,BDQ,SXR,30
4249,IXB,HYD,101
4250,PNQ,BLR,36
4251,PAT,AMD,8
4252,BBI,GOI,39
4253,BLR,GOI,9
4254,DEL,GAU,107
4255,VNS,MAA,102
4256,JAI,PAT,96
4257,BOM,LKO,108
4258,HYD,GOI,23
4259,BOM,BBI,33
4260,PAT,BLR,20
4261,BLR,CCU,96
4262,COK,GOI,21
4263,AMD,PNQ,98
4264,MAA,VNS,104
4265,BBI,HYD,68
4266,PAT,IXB,32
4267,COK,HYD,53
4268,BBI,MAA,37
4269,GAU,IXC,2
4270,GOI,JAI,118
4271,BOM,BBI,102
4272,LKO,BOM,79
4273,MAA,VNS,17
4274,BDQ,LKO,76
4275,DEL,VNS,43
4276,BDQ,IXC,89
4277,PAT,SXR,109
4278,IXC,GAU,93
4279,BBI,BLR,44
4280,BOM,SXR,18
4281,GOI,LKO,67
4282,BLR,BDQ,119
4283,MAA,BDQ,18
4284,IXC,DEL,104
4285,BBI,COK,25
4286,SXR,JAI,118
4287,DEL,GAU,117
4288,CCU,DEL,81
4289,SXR,DEL,39
4290,IXB,BOM,38
4291,IXB,SXR,27
4292,MAA,GOI,12
4293,BLR,CCU,51
4294,IXC,IXB,8
4295,AMD,COK,68
4296,JAI,DEL,57
4297,VNS,COK,50
4298,COK,BLR,120
4299,CCU,LKO,108
4300,IXB,COK,75
4301,LKO,BLR,13
4302,BLR,MAA,77
4303,BOM,JAI,47
4304,JAI,BOM,5
4305,SXR,MAA,98
4306,SXR,PAT,90
4307,SXR,HYD,101
4308,IXB,BLR,56
4309,PNQ,PAT,72
4310,PAT,VNS,3
4311,IXC,BDQ,63
4312,PNQ,IXB,35
4313,JAI,VNS,101
4314,PNQ,IXC,106
4315,COK,BDQ,17
4316,BLR,IXB,77
4317,BLR,CCU,64
4318,PNQ,GOI,93
4319,AMD,IXC,36
4320,LKO,VNS,66
4321,GAU,IXB,116
4322,COK,JAI,73
4323,HYD,BBI,5
4324,COK,IXB,84
4325,DEL,PAT,107
4326,PAT,MAA,67
4327,IXB,GAU,56
4328,AMD,BBI,1
4329,BLR,IXC,10
4330,LKO,IXB,102
4331,IXB,CCU,99
4332,MAA,VNS,57
4333,IXB,COK,98
4334,VNS,MAA,31
4335,GAU,COK,22
4336,IXB,PNQ,110
4337,AMD,GOI,97
4338,IXC,GAU,36
4339,BOM,VNS,63
4340,IXC,BBI,50
4341,IXB,CCU,95
4342,PNQ,SXR,4
4343,BLR,LKO,45
4344,GOI,PNQ,6
4345,PNQ,BLR,106
4346,DEL,HYD,35
4347,PNQ,PAT,88
4348,GAU,CCU,43
4349,AMD,GOI,44
4350,BOM,MAA,19
4351,GOI,PNQ,87
4352,BOM,BLR,56
4353,AMD,MAA,21
4354,JAI,LKO,58
4355,SXR,IXB,99
4356,BOM,MAA,4
4357,JAI,MAA,115
4358,DEL,CCU,39
4359,HYD,BBI,35
4360,MAA,BDQ,80
4361,LKO,BBI,62
4362,BDQ,JAI,25
4363,COK,VNS,49
4364,COK,AMD,67
4365,BBI,CCU,100
4366,GAU,BLR,37
4367,JAI,GOI,16
4368,PNQ,BOM,15
4369,VNS,MAA,54
4370,BOM,GAU,43
4371,COK,CCU,64
4372,JAI,BLR,101
4373,VNS,AMD,49
4374,PAT,DEL,118
4375,CCU,BBI,119
4376,BDQ,DEL,93
4377,CCU,GAU,47
4378,IXB,LKO,80
4379,IXC,PNQ,27
4380,PAT,AMD,69
4381,AMD,GOI,57
4382,BDQ,VNS,114
4383,IXB,BDQ,37
4384,MAA,CCU,94
4385,BOM,LKO,114
4386,HYD,BDQ,59
4387,BDQ,GAU,0
4388,LKO,IXC,90
4389,SXR,BBI,103
4390,PAT,HYD,26
4391,GAU,MAA,91
4392,IXC,COK,10
4393,LKO,DEL,120
4394,IXC,VNS,38
4395,HYD,COK,2
4396,JAI,HYD,106
4397,SXR,HYD,106
4398,PAT,JAI,79
4399,LKO,SXR,4
4400,PAT,BDQ,101
4401,LKO,CCU,39
4402,COK,IXC,0
4403,BLR,COK,89
4404,COK,VNS,29
4405,GOI,SXR,99
4406,VNS,COK,112
4407,LKO,BOM,83
4408,PNQ,DEL,53
4409,IXC,LKO,53
4410,GAU,BOM,111
4411,MAA,BDQ,40
4412,COK,LKO,35
4413,GOI,BOM,75
4414,LKO,MAA,93
4415,CCU,JAI,62
4416,JAI,BBI,37
4417,SXR,BDQ,106
4418,GOI,HYD,61
4419,GAU,PNQ,29
4420,AMD,CCU,64
4421,GAU,LKO,32
4422,GOI,VNS,64
4423,JAI,BDQ,25
4424,DEL,LKO,6
4425,PAT,PNQ,72
4426,GOI,LKO,39
4427,PNQ,HYD,84
4428,PNQ,GOI,113
4429,BLR,CCU,19
4430,VNS,HYD,116
4431,BBI,COK,80
4432,VNS,PAT,41
4433,SXR,BOM,40
4434,VNS,BOM,44
4435,BDQ,IXC,105
4436,IXC,DEL,25
4437,BOM,BLR,84
4438,BBI,BDQ,30
4439,JAI,SXR,53
4440,MAA,COK,43
4441,LKO,BBI,29
4442,SXR,AMD,24
4443,BBI,BLR,37
4444,SXR,JAI,36
4445,VNS,IXC,66
4446,LKO,IXC,87
4447,CCU,BDQ,12
4448,AMD,LKO,119
4449,IXB,GOI,20
4450,GAU,COK,13
4451,IXC,BOM,85
4452,BBI,IXC,11
4453,JAI,BDQ,45
4454,BOM,SXR,20
4455,LKO,BOM,61
4456,BDQ,BOM,42
4457,BDQ,CCU,80
4458,PAT,GOI,56
4459,LKO,BBI,61
4460,HYD,PAT,38
4461,CCU,DEL,72
4462,CCU,SXR,17
4463,DEL,IXB,11
4464,JAI,BLR,30
4465,GAU,MAA,58
4466,PNQ,SXR,5
4467,IXB,CCU,67
4468,AMD,SXR,44
4469,DEL,SXR,62
4470,BLR,PNQ,57
4471,SXR,PNQ,56
4472,GOI,AMD,17
4473,DEL,LKO,26
4474,BBI,VNS,38
4475,PAT,IXB,105
4476,IXC,AMD,120
4477,HYD,PNQ,5
4478,DEL,COK,115
4479,COK,HYD,42
4480,IXB,LKO,83
4481,AMD,IXB,92
4482,BBI,GAU,9
4483,PNQ,SXR,95
4484,GOI,MAA,100
4485,GAU,BDQ,57
4486,MAA,AMD,114
4487,GOI,DEL,25
4488,COK,DEL,12
4489,PAT,BOM,55
4490,IXC,PAT,102
4491,BBI,PAT,72
4492,PNQ,BOM,109
4493,CCU,GAU,24
4494,GOI,COK,83
4495,DEL,BLR,111
4496,IXC,COK,33
4497,JAI,SXR,113
4498,GOI,JAI,108
4499,SXR,GAU,9
4500,PNQ,IXC,67
4501,GAU,PAT,39
4502,SXR,AMD,40
4503,JAI,AMD,106
4504,IXC,SXR,37
4505,MAA,GOI,85
4506,BDQ,AMD,22
4507,AMD,BOM,9
4508,IXB,DEL,58
4509,PNQ,PAT,71
4510,PNQ,PAT,57
4511,BLR,IXC,87
4512,HYD,BBI,76
4513,VNS,BBI,44
4514,BDQ,BOM,112
4515,LKO,HYD,26
4516,BLR,AMD,117
4517,AMD,GAU,117
4518,BLR,GOI,31
4519,VNS,GOI,39
4520,BLR,VNS,0
4521,JAI,BLR,31
4522,BBI,MAA,117
4523,PNQ,SXR,16
4524,MAA,GOI,47
4525,IXC,COK,77
4526,PNQ,BBI,41
4527,JAI,BOM,37
4528,IXB,BOM,77
4529,CCU,PNQ,68
4530,AMD,BOM,93
4531,DEL,COK,80
4532,GOI,CCU,10
4533,CCU,HYD,79
4534,DEL,BBI,88
4535,CCU,DEL,20
4536,DEL,PNQ,21
4537,JAI,LKO,42
4538,BOM,GOI,67
4539,AMD,PAT,40
4540,HYD,BOM,25
4541,GAU,VNS,51
4542,VNS,PNQ,108
4543,LKO,GOI,8
4544,PAT,IXB,15
4545,LKO,HYD,110
4546,GOI,DEL,49
4547,IXB,PAT,92
4548,LKO,SXR,41
4549,GOI,DEL,95
4550,JAI,GAU,10
4551,BDQ,JAI,74
4552,IXB,COK,81
4553,DEL,BOM,81
4554,VNS,LKO,9
4555,JAI,BDQ,90
4556,IXB,GOI,116
4557,CCU,GAU,14
4558,PNQ,VNS,55
4559,AMD,BDQ,39
4560,IXC,PAT,111
4561,GAU,CCU,119
4562,DEL,AMD,47
4563,CCU,IXC,4
4564,BBI,LKO,18
4565,CCU,BOM,15
4566,JAI,BLR,32
4567,LKO,JAI,94
4568,AMD,MAA,16
4569,BLR,HYD,109
4570,IXC,COK,81
4571,SXR,BDQ,15
4572,SXR,BDQ,97
4573,CCU,BBI,119
4574,LKO,COK,67
4575,SXR,IXB,16
4576,SXR,CCU,58
4577,AMD,BBI,4
4578,IXC,BBI,1
4579,MAA,CCU,34
4580,VNS,CCU,37
4581,VNS,BBI,97
4582,IXB,BOM,71
4583,IXB,SXR,50
4584,MAA,JAI,4
4585,AMD,BBI,102
4586,GAU,DEL,41
4587,BBI,GAU,70
4588,SXR,BOM,101
4589,DEL,SXR,75
4590,VNS,COK,39
4591,BLR,PNQ,72
4592,PNQ,JAI,43
4593,CCU,PNQ,76
4594,MAA,IXC,37
4595,CCU,HYD,33
4596,GAU,LKO,71
4597,GOI,VNS,110
4598,SXR,PAT,90
4599,IXB,BDQ,21
4600,COK,BOM,83
4601,MAA,IXB,101
4602,COK,IXB,59
4603,IXB,GOI,15
4604,LKO,BBI,4
4605,IXC,DEL,78
4606,IXB,VNS,97
4607,CCU,JAI,99
4608,AMD,HYD,81
4609,PNQ,AMD,61
4610,COK,SXR,69
4611,COK,CCU,73
4612,DEL,BLR,33
4613,MAA,CCU,27
4614,GOI,BBI,79
4615,COK,AMD,5
4616,JAI,HYD,0
4617,LKO,GAU,21
4618,GAU,BBI,58
4619,SXR,BDQ,1
4620,DEL,IXC,111
4621,CCU,PNQ,16
4622,PAT,BOM,72
4623,GOI,DEL,38
4624,BBI,PAT,113
4625,VNS,JAI,58
4626,GAU,LKO,91
4627,BBI,CCU,63
4628,IXC,DEL,33
4629,IXB,GOI,19
4630,PNQ,MAA,112
4631,GOI,CCU,88
4632,LKO,IXB,32
4633,HYD,IXB,103
4634,MAA,SXR,1
4635,BOM,HYD,33
4636,IXB,LKO,68
4637,VNS,IXC,74
4638,AMD,IXB,73
4639,HYD,LKO,16
4640,AMD,JAI,116
4641,DEL,MAA,21
4642,JAI,PAT,43
4643,BBI,BDQ,10
4644,IXB,AMD,44
4645,GOI,JAI,27
4646,CCU,PAT,25
4647,IXB,BDQ,67
4648,MAA,CCU,119
4649,MAA,BLR,86
4650,COK,HYD,26
4651,SXR,HYD,20
4652,IXB,LKO,91
4653,GAU,COK,98
4654,SXR,IXB,86
4655,AMD,CCU,44
4656,BLR,VNS,27
4657,SXR,JAI,99
4658,IXB,SXR,2
4659,VNS,SXR,33
4660,BBI,JAI,19
4661,AMD,SXR,70
4662,CCU,AMD,62
4663,JAI,PNQ,47
4664,SXR,IXC,92
4665,SXR,HYD,114
4666,BDQ,BOM,28
4667,HYD,JAI,30
4668,BLR,LKO,116
4669,IXC,SXR,29
4670,BBI,CCU,4
4671,BOM,COK,24
4672,BDQ,COK,102
4673,BDQ,IXC,120
4674,IXB,VNS,117
4675,IXC,AMD,56
4676,AMD,LKO,24
4677,BBI,DEL,63
4678,CCU,MAA,101
4679,BOM,JAI,45
4680,BDQ,COK,98
4681,GOI,CCU,62
4682,GAU,BOM,18
4683,GAU,PAT,8
4684,DEL,PAT,100
4685,IXB,VNS,92
4686,BDQ,BLR,116
4687,COK,VNS,15
4688,CCU,AMD,52
4689,IXC,LKO,53
4690,PAT,HYD,109
4691,PAT,HYD,15
4692,VNS,COK,117
4693,LKO,IXB,3
4694,DEL,PAT,38
4695,DEL,AMD,26
4696,GOI,GAU,54
4697,PAT,BBI,81
4698,JAI,DEL,45
4699,BLR,BBI,0
4700,BDQ,COK,36
4701,BLR,IXC,40
4702,BDQ,DEL,87
4703,PNQ,HYD,20
4704,BDQ,COK,33
4705,COK,HYD,85
4706,CCU,JAI,49
4707,BDQ,VNS,47
4708,BLR,BOM,10
4709,JAI,AMD,107
4710,IXB,BDQ,103
4711,VNS,BBI,117
4712,SXR,DEL,44
4713,VNS,BLR,98
4714,LKO,JAI,10
4715,CCU,BLR,48
4716,GOI,LKO,115
4717,LKO,IXC,1
4718,CCU,JAI,71
4719,HYD,AMD,46
4720,IXC,BLR,107
4721,PAT,BLR,2
4722,BOM,BLR,116
4723,BBI,COK,77
4724,SXR,MAA,4
4725,SXR,VNS,93
4726,CCU,BBI,116
4727,GAU,VNS,33
4728,BOM,BBI,9
4729,BLR,GAU,76
4730,PNQ,VNS,44
4731,BBI,SXR,61
4732,CCU,HYD,14
4733,DEL,BDQ,81
4734,DEL,SXR,44
4735,COK,BBI,72
4736,PNQ,AMD,117
4737,GOI,MAA,37
4738,HYD,PAT,99
4739,PNQ,COK,18
4740,BLR,SXR,95
4741,PNQ,BDQ,79
4742,DEL,HYD,5
4743,GOI,BBI,2
4744,JAI,VNS,65
4745,IXB,JAI,91
4746,JAI,AMD,37
4747,BBI,IXC,51
4748,GOI,HYD,16
4749,MAA,BLR,101
4750,JAI,MAA,72
4751,DEL,BLR,83
4752,JAI,LKO,62
4753,IXC,JAI,57
4754,LKO,MAA,19
4755,COK,BDQ,40
4756,HYD,VNS,55
4757,IXB,AMD,74
4758,BDQ,JAI,44
4759,IXB,BBI,107
4760,COK,HYD,120
4761,JAI,GAU,116
4762,SXR,PNQ,17
4763,COK,PNQ,26
4764,BBI,PAT,107
4765,HYD,GOI,77
4766,BOM,COK,13
4767,IXC,MAA,111
4768,BLR,GOI,46
4769,CCU,HYD,46
4770,AMD,CCU,52
4771,GOI,SXR,93
4772,BBI,CCU,48
4773,CCU,JAI,77
4774,CCU,PAT,98
4775,BOM,BBI,94
4776,SXR,MAA,41
4777,BLR,MAA,88
4778,LKO,DEL,74
4779,DEL,COK,66
4780,HYD,SXR,4
4781,GAU,AMD,34
4782,GOI,JAI,112
4783,BOM,HYD,83
4784,CCU,GAU,108
4785,BBI,LKO,28
4786,SXR,LKO,89
4787,BLR,HYD,88
4788,PNQ,BLR,77
4789,PAT,DEL,42
4790,GOI,IXC,53
4791,IXC,BBI,61
4792,DEL,IXB,109
4793,LKO,CCU,28
4794,IXC,GAU,92
4795,HYD,IXB,116
4796,GOI,IXB,13
4797,BBI,LKO,113
4798,SXR,PAT,5
4799,IXB,DEL,69
4800,CCU,COK,50
4801,PNQ,COK,9
4802,CCU,COK,58
4803,AMD,PNQ,117
4804,GOI,BBI,68
4805,COK,AMD,8
4806,GOI,IXB,117
4807,DEL,IXC,113
4808,PNQ,JAI,27
4809,COK,AMD,56
4810,IXB,COK,59
4811,BBI,JAI,87
4812,GOI,SXR,106
4813,MAA,BDQ,40
4814,GOI,PNQ,87
4815,VNS,IXC,89
4816,GAU,SXR,44
4817,BLR,VNS,56
4818,IXC,HYD,45
4819,PNQ,GAU,106
4820,PAT,GAU,48
4821,HYD,PAT,22
4822,BDQ,BBI,107
4823,BDQ,GAU,78
4824,MAA,PAT,90
4825,BBI,PNQ,117
4826,SXR,DEL,30
4827,GOI,BBI,8
4828,DEL,CCU,28
4829,HYD,BDQ,40
4830,IXC,SXR,60
4831,COK,MAA,93
4832,BDQ,SXR,32
4833,BDQ,VNS,60
4834,SXR,HYD,44
4835,IXC,SXR,12
4836,HYD,VNS,100
4837,GOI,IXC,54
4838,BDQ,IXC,18
4839,LKO,JAI,26
4840,BLR,SXR,97
4841,BOM,PAT,28
4842,HYD,CCU,34
4843,IXC,GOI,48
4844,BBI,PNQ,23
4845,CCU,IXC,36
4846,BOM,LKO,75
4847,PNQ,COK,119
4848,COK,DEL,78
4849,IXB,GAU,50
4850,SXR,BLR,101
4851,BBI,VNS,75
4852,BOM,VNS,55
4853,VNS,MAA,19
4854,AMD,IXB,72
4855,BDQ,GOI,61
4856,GAU,AMD,62
4857,LKO,AMD,31
4858,BLR,BBI,75
4859,BDQ,PAT,23
4860,AMD,BBI,47
4861,BOM,AMD,113
4862,BOM,PNQ,108
4863,BLR,COK,85
4864,IXC,BLR,9
4865,MAA,PNQ,115
4866,PNQ,AMD,64
4867,MAA,GOI,105
4868,AMD,MAA,22
4869,IXC,MAA,107
4870,JAI,LKO,94
4871,GAU,IXB,17
4872,DEL,LKO,103
4873,BLR,IXC,27
4874,PNQ,BDQ,74
4875,BBI,BOM,114
4876,IXB,HYD,87
4877,LKO,AMD,75
4878,SXR,BLR,40
4879,BBI,CCU,36
4880,CCU,IXB,116
4881,PNQ,IXB,21
4882,DEL,BBI,86
4883,MAA,AMD,73
4884,GAU,BDQ,17
4885,BBI,IXC,120
4886,BDQ,GOI,52
4887,IXB,IXC,47
4888,IXB,BDQ,93
4889,JAI,PNQ,78
4890,DEL,GOI,98
4891,IXB,JAI,34
4892,BBI,VNS,26
4893,PAT,BOM,118
4894,COK,VNS,120
4895,HYD,COK,86
4896,BDQ,BOM,41
4897,CCU,SXR,113
4898,BOM,IXB,92
4899,LKO,JAI,75
4900,PNQ,DEL,98
4901,GOI,BBI,36
4902,GAU,PNQ,106
4903,CCU,BLR,62
4904,JAI,SXR,105
4905,COK,IXB,58
4906,GOI,DEL,19
4907,SXR,GAU,3
4908,BDQ,VNS,56
4909,DEL,BLR,56
4910,PNQ,VNS,105
4911,PAT,BDQ,59
4912,DEL,HYD,92
4913,LKO,VNS,35
4914,SXR,PAT,74
4915,DEL,BDQ,91
4916,BBI,PNQ,12
4917,AMD,PNQ,8
4918,BOM,JAI,13
4919,VNS,PNQ,78
4920,PNQ,CCU,118
4921,BLR,BDQ,9
4922,IXB,BLR,9
4923,BOM,PAT,62
4924,PNQ,BOM,87
4925,HYD,PNQ,41
4926,LKO,PAT,85
4927,GOI,DEL,111
4928,IXC,PNQ,56
4929,AMD,BDQ,85
4930,IXC,SXR,48
4931,IXB,PNQ,115
4932,IXB,DEL,86
4933,IXC,VNS,108
4934,PAT,MAA,110
4935,COK,HYD,68
4936,BLR,GAU,1
4937,GAU,IXC,34
4938,CCU,HYD,68
4939,JAI,VNS,109
4940,IXC,CCU,28
4941,BOM,BBI,47
4942,HYD,IXC,32
4943,JAI,CCU,70
4944,BBI,AMD,73
4945,BOM,IXC,59
4946,BDQ,JAI,44
4947,SXR,LKO,7
4948,MAA,BBI,64
4949,LKO,IXC,95
4950,HYD,VNS,39
4951,SXR,GOI,73
4952,PAT,BOM,89
4953,SXR,BBI,7
4954,BBI,JAI,93
4955,PAT,BBI,0
4956,BDQ,HYD,55
4957,CCU,BBI,79
4958,BDQ,BLR,102
4959,HYD,CCU,104
4960,DEL,VNS,0
4961,HYD,IXB,6
4962,PNQ,BLR,104
4963,LKO,HYD,6
4964,VNS,AMD,85
4965,IXB,JAI,37
4966,HYD,GOI,119
4967,VNS,GAU,45
4968,LKO,PNQ,4
4969,IXB,MAA,63
4970,BLR,GAU,101
4971,GOI,COK,74
4972,COK,LKO,70
4973,HYD,PNQ,52
4974,DEL,IXB,44
4975,BOM,JAI,105
4976,JAI,PAT,45
4977,MAA,BDQ,55
4978,BBI,COK,81
4979,BLR,BBI,24
4980,BLR,GOI,95
4981,CCU,BOM,14
4982,COK,GOI,10
4983,BOM,GAU,59
4984,BDQ,DEL,119
4985,BOM,PAT,50
4986,CCU,IXB,68
4987,BLR,BDQ,82
4988,JAI,CCU,65
4989,BOM,JAI,110
4990,PAT,LKO,78
4991,IXC,BOM,106
4992,JAI,BOM,105
4993,DEL,COK,47
4994,BDQ,AMD,27
4995,MAA,CCU,87
4996,IXC,BBI,2
4997,IXC,GAU,119
4998,CCU,BLR,73
4999,BOM,BBI,34
5000,BOM,MAA,1
